[
	{
		"album": {
			"album_type": "ALBUM",
			"artists": [
				{
					"external_urls": {
						"spotify": "https://open.spotify.com/artist/70gP6Ry4Uo0Yx6uzPIdaiJ"
					},
					"href": "https://api.spotify.com/v1/artists/70gP6Ry4Uo0Yx6uzPIdaiJ",
					"id": "70gP6Ry4Uo0Yx6uzPIdaiJ",
					"name": "Bas",
					"type": "artist",
					"uri": "spotify:artist:70gP6Ry4Uo0Yx6uzPIdaiJ"
				}
			],
			"available_markets": [
				"AD",
				"AE",
				"AR",
				"AT",
				"AU",
				"BE",
				"BG",
				"BH",
				"BO",
				"BR",
				"CA",
				"CH",
				"CL",
				"CO",
				"CR",
				"CY",
				"CZ",
				"DE",
				"DK",
				"DO",
				"DZ",
				"EC",
				"EE",
				"EG",
				"ES",
				"FI",
				"FR",
				"GB",
				"GR",
				"GT",
				"HK",
				"HN",
				"HU",
				"ID",
				"IE",
				"IL",
				"IN",
				"IS",
				"IT",
				"JO",
				"JP",
				"KW",
				"LB",
				"LI",
				"LT",
				"LU",
				"LV",
				"MA",
				"MC",
				"MT",
				"MX",
				"MY",
				"NI",
				"NL",
				"NO",
				"NZ",
				"OM",
				"PA",
				"PE",
				"PH",
				"PL",
				"PS",
				"PT",
				"PY",
				"QA",
				"RO",
				"SA",
				"SE",
				"SG",
				"SK",
				"SV",
				"TH",
				"TN",
				"TR",
				"TW",
				"US",
				"UY",
				"VN",
				"ZA"
			],
			"external_urls": {
				"spotify": "https://open.spotify.com/album/6sDQacCej53Q43vZF9PJ8i"
			},
			"href": "https://api.spotify.com/v1/albums/6sDQacCej53Q43vZF9PJ8i",
			"id": "6sDQacCej53Q43vZF9PJ8i",
			"images": [
				{
					"height": 640,
					"url": "https://i.scdn.co/image/ab67616d0000b273267158422744961d90e942b3",
					"width": 640
				},
				{
					"height": 300,
					"url": "https://i.scdn.co/image/ab67616d00001e02267158422744961d90e942b3",
					"width": 300
				},
				{
					"height": 64,
					"url": "https://i.scdn.co/image/ab67616d00004851267158422744961d90e942b3",
					"width": 64
				}
			],
			"name": "Milky Way",
			"release_date": "2018-08-24",
			"release_date_precision": "day",
			"total_tracks": 14,
			"type": "album",
			"uri": "spotify:album:6sDQacCej53Q43vZF9PJ8i"
		},
		"artists": [
			{
				"external_urls": {
					"spotify": "https://open.spotify.com/artist/70gP6Ry4Uo0Yx6uzPIdaiJ"
				},
				"href": "https://api.spotify.com/v1/artists/70gP6Ry4Uo0Yx6uzPIdaiJ",
				"id": "70gP6Ry4Uo0Yx6uzPIdaiJ",
				"name": "Bas",
				"type": "artist",
				"uri": "spotify:artist:70gP6Ry4Uo0Yx6uzPIdaiJ"
			},
			{
				"external_urls": {
					"spotify": "https://open.spotify.com/artist/1vaQ6v3pOFxAIrFoPrAcom"
				},
				"href": "https://api.spotify.com/v1/artists/1vaQ6v3pOFxAIrFoPrAcom",
				"id": "1vaQ6v3pOFxAIrFoPrAcom",
				"name": "Ari Lennox",
				"type": "artist",
				"uri": "spotify:artist:1vaQ6v3pOFxAIrFoPrAcom"
			}
		],
		"available_markets": [
			"AD",
			"AE",
			"AR",
			"AT",
			"AU",
			"BE",
			"BG",
			"BH",
			"BO",
			"BR",
			"CA",
			"CH",
			"CL",
			"CO",
			"CR",
			"CY",
			"CZ",
			"DE",
			"DK",
			"DO",
			"DZ",
			"EC",
			"EE",
			"EG",
			"ES",
			"FI",
			"FR",
			"GB",
			"GR",
			"GT",
			"HK",
			"HN",
			"HU",
			"ID",
			"IE",
			"IL",
			"IN",
			"IS",
			"IT",
			"JO",
			"JP",
			"KW",
			"LB",
			"LI",
			"LT",
			"LU",
			"LV",
			"MA",
			"MC",
			"MT",
			"MX",
			"MY",
			"NI",
			"NL",
			"NO",
			"NZ",
			"OM",
			"PA",
			"PE",
			"PH",
			"PL",
			"PS",
			"PT",
			"PY",
			"QA",
			"RO",
			"SA",
			"SE",
			"SG",
			"SK",
			"SV",
			"TH",
			"TN",
			"TR",
			"TW",
			"US",
			"UY",
			"VN",
			"ZA"
		],
		"disc_number": 1,
		"duration_ms": 262813,
		"explicit": True,
		"external_ids": { "isrc": "USUM71810349" },
		"external_urls": {
			"spotify": "https://open.spotify.com/track/5IU4Ym8qNpQFIo0EXUceRr"
		},
		"href": "https://api.spotify.com/v1/tracks/5IU4Ym8qNpQFIo0EXUceRr",
		"id": "5IU4Ym8qNpQFIo0EXUceRr",
		"is_local": False,
		"name": "Icarus (feat. Ari Lennox)",
		"popularity": 48,
		"preview_url": "https://p.scdn.co/mp3-preview/9f64a33e8cbbd0631782d219a31a16f85379dd1a?cid=28e288eb88f342c79ac8389d6ab32529",
		"track_number": 1,
		"type": "track",
		"uri": "spotify:track:5IU4Ym8qNpQFIo0EXUceRr"
	},

	{
		"album": {
			"album_type": "ALBUM",
			"artists": [
				{
					"external_urls": {
						"spotify": "https://open.spotify.com/artist/6USv9qhCn6zfxlBQIYJ9qs"
					},
					"href": "https://api.spotify.com/v1/artists/6USv9qhCn6zfxlBQIYJ9qs",
					"id": "6USv9qhCn6zfxlBQIYJ9qs",
					"name": "Dominic Fike",
					"type": "artist",
					"uri": "spotify:artist:6USv9qhCn6zfxlBQIYJ9qs"
				}
			],
			"available_markets": [
				"AD",
				"AE",
				"AR",
				"AT",
				"AU",
				"BE",
				"BG",
				"BH",
				"BO",
				"BR",
				"CA",
				"CH",
				"CL",
				"CO",
				"CR",
				"CY",
				"CZ",
				"DE",
				"DK",
				"DO",
				"DZ",
				"EC",
				"EE",
				"EG",
				"ES",
				"FI",
				"FR",
				"GB",
				"GR",
				"GT",
				"HK",
				"HN",
				"HU",
				"ID",
				"IE",
				"IL",
				"IN",
				"IS",
				"IT",
				"JO",
				"JP",
				"KW",
				"LB",
				"LI",
				"LT",
				"LU",
				"LV",
				"MA",
				"MC",
				"MT",
				"MX",
				"MY",
				"NI",
				"NL",
				"NO",
				"NZ",
				"OM",
				"PA",
				"PE",
				"PH",
				"PL",
				"PS",
				"PT",
				"PY",
				"QA",
				"RO",
				"SA",
				"SE",
				"SG",
				"SK",
				"SV",
				"TH",
				"TN",
				"TR",
				"TW",
				"US",
				"UY",
				"VN",
				"ZA"
			],
			"external_urls": {
				"spotify": "https://open.spotify.com/album/1BubKJqf6Uc4fNae5kLJJ7"
			},
			"href": "https://api.spotify.com/v1/albums/1BubKJqf6Uc4fNae5kLJJ7",
			"id": "1BubKJqf6Uc4fNae5kLJJ7",
			"images": [
				{
					"height": 640,
					"url": "https://i.scdn.co/image/ab67616d0000b273cfc824b65a3b1755d98a7e23",
					"width": 640
				},
				{
					"height": 300,
					"url": "https://i.scdn.co/image/ab67616d00001e02cfc824b65a3b1755d98a7e23",
					"width": 300
				},
				{
					"height": 64,
					"url": "https://i.scdn.co/image/ab67616d00004851cfc824b65a3b1755d98a7e23",
					"width": 64
				}
			],
			"name": "What Could Possibly Go Wrong",
			"release_date": "2020-07-31",
			"release_date_precision": "day",
			"total_tracks": 14,
			"type": "album",
			"uri": "spotify:album:1BubKJqf6Uc4fNae5kLJJ7"
		},
		"artists": [
			{
				"external_urls": {
					"spotify": "https://open.spotify.com/artist/6USv9qhCn6zfxlBQIYJ9qs"
				},
				"href": "https://api.spotify.com/v1/artists/6USv9qhCn6zfxlBQIYJ9qs",
				"id": "6USv9qhCn6zfxlBQIYJ9qs",
				"name": "Dominic Fike",
				"type": "artist",
				"uri": "spotify:artist:6USv9qhCn6zfxlBQIYJ9qs"
			}
		],
		"available_markets": [
			"AD",
			"AE",
			"AR",
			"AT",
			"AU",
			"BE",
			"BG",
			"BH",
			"BO",
			"BR",
			"CA",
			"CH",
			"CL",
			"CO",
			"CR",
			"CY",
			"CZ",
			"DE",
			"DK",
			"DO",
			"DZ",
			"EC",
			"EE",
			"EG",
			"ES",
			"FI",
			"FR",
			"GB",
			"GR",
			"GT",
			"HK",
			"HN",
			"HU",
			"ID",
			"IE",
			"IL",
			"IN",
			"IS",
			"IT",
			"JO",
			"JP",
			"KW",
			"LB",
			"LI",
			"LT",
			"LU",
			"LV",
			"MA",
			"MC",
			"MT",
			"MX",
			"MY",
			"NI",
			"NL",
			"NO",
			"NZ",
			"OM",
			"PA",
			"PE",
			"PH",
			"PL",
			"PS",
			"PT",
			"PY",
			"QA",
			"RO",
			"SA",
			"SE",
			"SG",
			"SK",
			"SV",
			"TH",
			"TN",
			"TR",
			"TW",
			"US",
			"UY",
			"VN",
			"ZA"
		],
		"disc_number": 1,
		"duration_ms": 137241,
		"explicit": True,
		"external_ids": { "isrc": "USQX92003245" },
		"external_urls": {
			"spotify": "https://open.spotify.com/track/2FMO2IFR4cJSe5D4BlpDV8"
		},
		"href": "https://api.spotify.com/v1/tracks/2FMO2IFR4cJSe5D4BlpDV8",
		"id": "2FMO2IFR4cJSe5D4BlpDV8",
		"is_local": False,
		"name": "Cancel Me",
		"popularity": 59,
		"preview_url": "https://p.scdn.co/mp3-preview/0cb4a7abcc27ce6f880bbe069294b6590d96774b?cid=28e288eb88f342c79ac8389d6ab32529",
		"track_number": 3,
		"type": "track",
		"uri": "spotify:track:2FMO2IFR4cJSe5D4BlpDV8"
	},
	{
		"album": {
			"album_type": "ALBUM",
			"artists": [
				{
					"external_urls": {
						"spotify": "https://open.spotify.com/artist/70gP6Ry4Uo0Yx6uzPIdaiJ"
					},
					"href": "https://api.spotify.com/v1/artists/70gP6Ry4Uo0Yx6uzPIdaiJ",
					"id": "70gP6Ry4Uo0Yx6uzPIdaiJ",
					"name": "Bas",
					"type": "artist",
					"uri": "spotify:artist:70gP6Ry4Uo0Yx6uzPIdaiJ"
				}
			],
			"available_markets": [
				"AD",
				"AE",
				"AR",
				"AT",
				"AU",
				"BE",
				"BG",
				"BH",
				"BO",
				"BR",
				"CA",
				"CH",
				"CL",
				"CO",
				"CR",
				"CY",
				"CZ",
				"DE",
				"DK",
				"DO",
				"DZ",
				"EC",
				"EE",
				"EG",
				"ES",
				"FI",
				"FR",
				"GB",
				"GR",
				"GT",
				"HK",
				"HN",
				"HU",
				"ID",
				"IE",
				"IL",
				"IN",
				"IS",
				"IT",
				"JO",
				"JP",
				"KW",
				"LB",
				"LI",
				"LT",
				"LU",
				"LV",
				"MA",
				"MC",
				"MT",
				"MX",
				"MY",
				"NI",
				"NL",
				"NO",
				"NZ",
				"OM",
				"PA",
				"PE",
				"PH",
				"PL",
				"PS",
				"PT",
				"PY",
				"QA",
				"RO",
				"SA",
				"SE",
				"SG",
				"SK",
				"SV",
				"TH",
				"TN",
				"TR",
				"TW",
				"US",
				"UY",
				"VN",
				"ZA"
			],
			"external_urls": {
				"spotify": "https://open.spotify.com/album/6sDQacCej53Q43vZF9PJ8i"
			},
			"href": "https://api.spotify.com/v1/albums/6sDQacCej53Q43vZF9PJ8i",
			"id": "6sDQacCej53Q43vZF9PJ8i",
			"images": [
				{
					"height": 640,
					"url": "https://i.scdn.co/image/ab67616d0000b273267158422744961d90e942b3",
					"width": 640
				},
				{
					"height": 300,
					"url": "https://i.scdn.co/image/ab67616d00001e02267158422744961d90e942b3",
					"width": 300
				},
				{
					"height": 64,
					"url": "https://i.scdn.co/image/ab67616d00004851267158422744961d90e942b3",
					"width": 64
				}
			],
			"name": "Milky Way",
			"release_date": "2018-08-24",
			"release_date_precision": "day",
			"total_tracks": 14,
			"type": "album",
			"uri": "spotify:album:6sDQacCej53Q43vZF9PJ8i"
		},
		"artists": [
			{
				"external_urls": {
					"spotify": "https://open.spotify.com/artist/70gP6Ry4Uo0Yx6uzPIdaiJ"
				},
				"href": "https://api.spotify.com/v1/artists/70gP6Ry4Uo0Yx6uzPIdaiJ",
				"id": "70gP6Ry4Uo0Yx6uzPIdaiJ",
				"name": "Bas",
				"type": "artist",
				"uri": "spotify:artist:70gP6Ry4Uo0Yx6uzPIdaiJ"
			}
		],
		"available_markets": [
			"AD",
			"AE",
			"AR",
			"AT",
			"AU",
			"BE",
			"BG",
			"BH",
			"BO",
			"BR",
			"CA",
			"CH",
			"CL",
			"CO",
			"CR",
			"CY",
			"CZ",
			"DE",
			"DK",
			"DO",
			"DZ",
			"EC",
			"EE",
			"EG",
			"ES",
			"FI",
			"FR",
			"GB",
			"GR",
			"GT",
			"HK",
			"HN",
			"HU",
			"ID",
			"IE",
			"IL",
			"IN",
			"IS",
			"IT",
			"JO",
			"JP",
			"KW",
			"LB",
			"LI",
			"LT",
			"LU",
			"LV",
			"MA",
			"MC",
			"MT",
			"MX",
			"MY",
			"NI",
			"NL",
			"NO",
			"NZ",
			"OM",
			"PA",
			"PE",
			"PH",
			"PL",
			"PS",
			"PT",
			"PY",
			"QA",
			"RO",
			"SA",
			"SE",
			"SG",
			"SK",
			"SV",
			"TH",
			"TN",
			"TR",
			"TW",
			"US",
			"UY",
			"VN",
			"ZA"
		],
		"disc_number": 1,
		"duration_ms": 200666,
		"explicit": True,
		"external_ids": { "isrc": "USUM71810351" },
		"external_urls": {
			"spotify": "https://open.spotify.com/track/069XLpELpSN1mNuoyNjEfm"
		},
		"href": "https://api.spotify.com/v1/tracks/069XLpELpSN1mNuoyNjEfm",
		"id": "069XLpELpSN1mNuoyNjEfm",
		"is_local": False,
		"name": "Front Desk",
		"popularity": 42,
		"preview_url": "https://p.scdn.co/mp3-preview/50d32b63c2e38726cf629c822e2e1881eb0d88a4?cid=28e288eb88f342c79ac8389d6ab32529",
		"track_number": 2,
		"type": "track",
		"uri": "spotify:track:069XLpELpSN1mNuoyNjEfm"
	},
	{
		"album": {
			"album_type": "ALBUM",
			"artists": [
				{
					"external_urls": {
						"spotify": "https://open.spotify.com/artist/2h93pZq0e7k5yf4dywlkpM"
					},
					"href": "https://api.spotify.com/v1/artists/2h93pZq0e7k5yf4dywlkpM",
					"id": "2h93pZq0e7k5yf4dywlkpM",
					"name": "Frank Ocean",
					"type": "artist",
					"uri": "spotify:artist:2h93pZq0e7k5yf4dywlkpM"
				}
			],
			"available_markets": [
				"AD",
				"AE",
				"AR",
				"AT",
				"AU",
				"BE",
				"BG",
				"BH",
				"BO",
				"BR",
				"CA",
				"CH",
				"CL",
				"CO",
				"CR",
				"CY",
				"CZ",
				"DE",
				"DK",
				"DO",
				"DZ",
				"EC",
				"EE",
				"EG",
				"ES",
				"FI",
				"FR",
				"GB",
				"GR",
				"GT",
				"HK",
				"HN",
				"HU",
				"ID",
				"IE",
				"IL",
				"IN",
				"IS",
				"IT",
				"JO",
				"JP",
				"KW",
				"LB",
				"LI",
				"LT",
				"LU",
				"LV",
				"MA",
				"MC",
				"MT",
				"MX",
				"MY",
				"NI",
				"NL",
				"NO",
				"NZ",
				"OM",
				"PA",
				"PE",
				"PH",
				"PL",
				"PS",
				"PT",
				"PY",
				"QA",
				"RO",
				"SA",
				"SE",
				"SG",
				"SK",
				"SV",
				"TH",
				"TN",
				"TR",
				"TW",
				"US",
				"UY",
				"VN",
				"ZA"
			],
			"external_urls": {
				"spotify": "https://open.spotify.com/album/3mH6qwIy9crq0I9YQbOuDf"
			},
			"href": "https://api.spotify.com/v1/albums/3mH6qwIy9crq0I9YQbOuDf",
			"id": "3mH6qwIy9crq0I9YQbOuDf",
			"images": [
				{
					"height": 640,
					"url": "https://i.scdn.co/image/ab67616d0000b273c5649add07ed3720be9d5526",
					"width": 640
				},
				{
					"height": 300,
					"url": "https://i.scdn.co/image/ab67616d00001e02c5649add07ed3720be9d5526",
					"width": 300
				},
				{
					"height": 64,
					"url": "https://i.scdn.co/image/ab67616d00004851c5649add07ed3720be9d5526",
					"width": 64
				}
			],
			"name": "Blonde",
			"release_date": "2016-08-20",
			"release_date_precision": "day",
			"total_tracks": 17,
			"type": "album",
			"uri": "spotify:album:3mH6qwIy9crq0I9YQbOuDf"
		},
		"artists": [
			{
				"external_urls": {
					"spotify": "https://open.spotify.com/artist/2h93pZq0e7k5yf4dywlkpM"
				},
				"href": "https://api.spotify.com/v1/artists/2h93pZq0e7k5yf4dywlkpM",
				"id": "2h93pZq0e7k5yf4dywlkpM",
				"name": "Frank Ocean",
				"type": "artist",
				"uri": "spotify:artist:2h93pZq0e7k5yf4dywlkpM"
			}
		],
		"available_markets": [
			"AD",
			"AE",
			"AR",
			"AT",
			"AU",
			"BE",
			"BG",
			"BH",
			"BO",
			"BR",
			"CA",
			"CH",
			"CL",
			"CO",
			"CR",
			"CY",
			"CZ",
			"DE",
			"DK",
			"DO",
			"DZ",
			"EC",
			"EE",
			"EG",
			"ES",
			"FI",
			"FR",
			"GB",
			"GR",
			"GT",
			"HK",
			"HN",
			"HU",
			"ID",
			"IE",
			"IL",
			"IN",
			"IS",
			"IT",
			"JO",
			"JP",
			"KW",
			"LB",
			"LI",
			"LT",
			"LU",
			"LV",
			"MA",
			"MC",
			"MT",
			"MX",
			"MY",
			"NI",
			"NL",
			"NO",
			"NZ",
			"OM",
			"PA",
			"PE",
			"PH",
			"PL",
			"PS",
			"PT",
			"PY",
			"QA",
			"RO",
			"SA",
			"SE",
			"SG",
			"SK",
			"SV",
			"TH",
			"TN",
			"TR",
			"TW",
			"US",
			"UY",
			"VN",
			"ZA"
		],
		"disc_number": 1,
		"duration_ms": 564165,
		"explicit": True,
		"external_ids": { "isrc": "QZ5C81600017" },
		"external_urls": {
			"spotify": "https://open.spotify.com/track/5k8LB57xOq8UUNVaKWSqrf"
		},
		"href": "https://api.spotify.com/v1/tracks/5k8LB57xOq8UUNVaKWSqrf",
		"id": "5k8LB57xOq8UUNVaKWSqrf",
		"is_local": False,
		"name": "Futura Free",
		"popularity": 62,
		"preview_url": "https://p.scdn.co/mp3-preview/c33545032a4352f768720b15fdfc1b7f426b1943?cid=28e288eb88f342c79ac8389d6ab32529",
		"track_number": 17,
		"type": "track",
		"uri": "spotify:track:5k8LB57xOq8UUNVaKWSqrf"
	},
	{
		"album": {
			"album_type": "ALBUM",
			"artists": [
				{
					"external_urls": {
						"spotify": "https://open.spotify.com/artist/0VIiIxTNLeJOPoMLabwNtr"
					},
					"href": "https://api.spotify.com/v1/artists/0VIiIxTNLeJOPoMLabwNtr",
					"id": "0VIiIxTNLeJOPoMLabwNtr",
					"name": "Florist",
					"type": "artist",
					"uri": "spotify:artist:0VIiIxTNLeJOPoMLabwNtr"
				}
			],
			"available_markets": [
				"AD",
				"AE",
				"AR",
				"AT",
				"AU",
				"BE",
				"BG",
				"BH",
				"BO",
				"BR",
				"CA",
				"CH",
				"CL",
				"CO",
				"CR",
				"CY",
				"CZ",
				"DE",
				"DK",
				"DO",
				"DZ",
				"EC",
				"EE",
				"EG",
				"ES",
				"FI",
				"FR",
				"GB",
				"GR",
				"GT",
				"HK",
				"HN",
				"HU",
				"ID",
				"IE",
				"IL",
				"IN",
				"IS",
				"IT",
				"JO",
				"JP",
				"KW",
				"LB",
				"LI",
				"LT",
				"LU",
				"LV",
				"MA",
				"MC",
				"MT",
				"MX",
				"MY",
				"NI",
				"NL",
				"NO",
				"NZ",
				"OM",
				"PA",
				"PE",
				"PH",
				"PL",
				"PS",
				"PT",
				"PY",
				"QA",
				"RO",
				"SA",
				"SE",
				"SG",
				"SK",
				"SV",
				"TH",
				"TN",
				"TR",
				"TW",
				"US",
				"UY",
				"VN",
				"ZA"
			],
			"external_urls": {
				"spotify": "https://open.spotify.com/album/66VkSpmY5sCaswDr7fGtO3"
			},
			"href": "https://api.spotify.com/v1/albums/66VkSpmY5sCaswDr7fGtO3",
			"id": "66VkSpmY5sCaswDr7fGtO3",
			"images": [
				{
					"height": 640,
					"url": "https://i.scdn.co/image/ab67616d0000b2730e04848777713665c00f645e",
					"width": 640
				},
				{
					"height": 300,
					"url": "https://i.scdn.co/image/ab67616d00001e020e04848777713665c00f645e",
					"width": 300
				},
				{
					"height": 64,
					"url": "https://i.scdn.co/image/ab67616d000048510e04848777713665c00f645e",
					"width": 64
				}
			],
			"name": "The Birds Outside Sang",
			"release_date": "2016-01-29",
			"release_date_precision": "day",
			"total_tracks": 11,
			"type": "album",
			"uri": "spotify:album:66VkSpmY5sCaswDr7fGtO3"
		},
		"artists": [
			{
				"external_urls": {
					"spotify": "https://open.spotify.com/artist/0VIiIxTNLeJOPoMLabwNtr"
				},
				"href": "https://api.spotify.com/v1/artists/0VIiIxTNLeJOPoMLabwNtr",
				"id": "0VIiIxTNLeJOPoMLabwNtr",
				"name": "Florist",
				"type": "artist",
				"uri": "spotify:artist:0VIiIxTNLeJOPoMLabwNtr"
			}
		],
		"available_markets": [
			"AD",
			"AE",
			"AR",
			"AT",
			"AU",
			"BE",
			"BG",
			"BH",
			"BO",
			"BR",
			"CA",
			"CH",
			"CL",
			"CO",
			"CR",
			"CY",
			"CZ",
			"DE",
			"DK",
			"DO",
			"DZ",
			"EC",
			"EE",
			"EG",
			"ES",
			"FI",
			"FR",
			"GB",
			"GR",
			"GT",
			"HK",
			"HN",
			"HU",
			"ID",
			"IE",
			"IL",
			"IN",
			"IS",
			"IT",
			"JO",
			"JP",
			"KW",
			"LB",
			"LI",
			"LT",
			"LU",
			"LV",
			"MA",
			"MC",
			"MT",
			"MX",
			"MY",
			"NI",
			"NL",
			"NO",
			"NZ",
			"OM",
			"PA",
			"PE",
			"PH",
			"PL",
			"PS",
			"PT",
			"PY",
			"QA",
			"RO",
			"SA",
			"SE",
			"SG",
			"SK",
			"SV",
			"TH",
			"TN",
			"TR",
			"TW",
			"US",
			"UY",
			"VN",
			"ZA"
		],
		"disc_number": 1,
		"duration_ms": 163145,
		"explicit": False,
		"external_ids": { "isrc": "QMCE71300730" },
		"external_urls": {
			"spotify": "https://open.spotify.com/track/2ZJWqySPirJd0K202X0UBx"
		},
		"href": "https://api.spotify.com/v1/tracks/2ZJWqySPirJd0K202X0UBx",
		"id": "2ZJWqySPirJd0K202X0UBx",
		"is_local": False,
		"name": "Thank You",
		"popularity": 32,
		"preview_url": "https://p.scdn.co/mp3-preview/93b026527b359d24fbd7cd0cfb2954c54bd23f47?cid=28e288eb88f342c79ac8389d6ab32529",
		"track_number": 5,
		"type": "track",
		"uri": "spotify:track:2ZJWqySPirJd0K202X0UBx"
	},
	{
		"album": {
			"album_type": "ALBUM",
			"artists": [
				{
					"external_urls": {
						"spotify": "https://open.spotify.com/artist/3XlPXxJwM5utJ5D0PiBugV"
					},
					"href": "https://api.spotify.com/v1/artists/3XlPXxJwM5utJ5D0PiBugV",
					"id": "3XlPXxJwM5utJ5D0PiBugV",
					"name": "whiterosemoxie",
					"type": "artist",
					"uri": "spotify:artist:3XlPXxJwM5utJ5D0PiBugV"
				}
			],
			"available_markets": [
				"AD",
				"AE",
				"AR",
				"AT",
				"AU",
				"BE",
				"BG",
				"BH",
				"BO",
				"BR",
				"CA",
				"CH",
				"CL",
				"CO",
				"CR",
				"CY",
				"CZ",
				"DE",
				"DK",
				"DO",
				"DZ",
				"EC",
				"EE",
				"EG",
				"ES",
				"FI",
				"FR",
				"GB",
				"GR",
				"GT",
				"HK",
				"HN",
				"HU",
				"ID",
				"IE",
				"IL",
				"IN",
				"IS",
				"IT",
				"JO",
				"JP",
				"KW",
				"LB",
				"LI",
				"LT",
				"LU",
				"LV",
				"MA",
				"MC",
				"MT",
				"MX",
				"MY",
				"NI",
				"NL",
				"NO",
				"NZ",
				"OM",
				"PA",
				"PE",
				"PH",
				"PL",
				"PS",
				"PT",
				"PY",
				"QA",
				"RO",
				"SA",
				"SE",
				"SG",
				"SK",
				"SV",
				"TH",
				"TN",
				"TR",
				"TW",
				"US",
				"UY",
				"VN",
				"ZA"
			],
			"external_urls": {
				"spotify": "https://open.spotify.com/album/1qjit4AnftNlPkptTe1ne9"
			},
			"href": "https://api.spotify.com/v1/albums/1qjit4AnftNlPkptTe1ne9",
			"id": "1qjit4AnftNlPkptTe1ne9",
			"images": [
				{
					"height": 640,
					"url": "https://i.scdn.co/image/ab67616d0000b27369e4b3beae4d8b46be54a1ec",
					"width": 640
				},
				{
					"height": 300,
					"url": "https://i.scdn.co/image/ab67616d00001e0269e4b3beae4d8b46be54a1ec",
					"width": 300
				},
				{
					"height": 64,
					"url": "https://i.scdn.co/image/ab67616d0000485169e4b3beae4d8b46be54a1ec",
					"width": 64
				}
			],
			"name": "white ceilings",
			"release_date": "2020-03-27",
			"release_date_precision": "day",
			"total_tracks": 15,
			"type": "album",
			"uri": "spotify:album:1qjit4AnftNlPkptTe1ne9"
		},
		"artists": [
			{
				"external_urls": {
					"spotify": "https://open.spotify.com/artist/3XlPXxJwM5utJ5D0PiBugV"
				},
				"href": "https://api.spotify.com/v1/artists/3XlPXxJwM5utJ5D0PiBugV",
				"id": "3XlPXxJwM5utJ5D0PiBugV",
				"name": "whiterosemoxie",
				"type": "artist",
				"uri": "spotify:artist:3XlPXxJwM5utJ5D0PiBugV"
			}
		],
		"available_markets": [
			"AD",
			"AE",
			"AR",
			"AT",
			"AU",
			"BE",
			"BG",
			"BH",
			"BO",
			"BR",
			"CA",
			"CH",
			"CL",
			"CO",
			"CR",
			"CY",
			"CZ",
			"DE",
			"DK",
			"DO",
			"DZ",
			"EC",
			"EE",
			"EG",
			"ES",
			"FI",
			"FR",
			"GB",
			"GR",
			"GT",
			"HK",
			"HN",
			"HU",
			"ID",
			"IE",
			"IL",
			"IN",
			"IS",
			"IT",
			"JO",
			"JP",
			"KW",
			"LB",
			"LI",
			"LT",
			"LU",
			"LV",
			"MA",
			"MC",
			"MT",
			"MX",
			"MY",
			"NI",
			"NL",
			"NO",
			"NZ",
			"OM",
			"PA",
			"PE",
			"PH",
			"PL",
			"PS",
			"PT",
			"PY",
			"QA",
			"RO",
			"SA",
			"SE",
			"SG",
			"SK",
			"SV",
			"TH",
			"TN",
			"TR",
			"TW",
			"US",
			"UY",
			"VN",
			"ZA"
		],
		"disc_number": 1,
		"duration_ms": 147764,
		"explicit": True,
		"external_ids": { "isrc": "QMCE32000161" },
		"external_urls": {
			"spotify": "https://open.spotify.com/track/1CwkW8d3LxrMdz99PfN8SQ"
		},
		"href": "https://api.spotify.com/v1/tracks/1CwkW8d3LxrMdz99PfN8SQ",
		"id": "1CwkW8d3LxrMdz99PfN8SQ",
		"is_local": False,
		"name": "trix",
		"popularity": 46,
		"preview_url": "https://p.scdn.co/mp3-preview/09fb86f1b61841a2107c7bba4f7c2fa4a7bc4fe2?cid=28e288eb88f342c79ac8389d6ab32529",
		"track_number": 1,
		"type": "track",
		"uri": "spotify:track:1CwkW8d3LxrMdz99PfN8SQ"
	},
	{
		"album": {
			"album_type": "ALBUM",
			"artists": [
				{
					"external_urls": {
						"spotify": "https://open.spotify.com/artist/2h93pZq0e7k5yf4dywlkpM"
					},
					"href": "https://api.spotify.com/v1/artists/2h93pZq0e7k5yf4dywlkpM",
					"id": "2h93pZq0e7k5yf4dywlkpM",
					"name": "Frank Ocean",
					"type": "artist",
					"uri": "spotify:artist:2h93pZq0e7k5yf4dywlkpM"
				}
			],
			"available_markets": [
				"AD",
				"AE",
				"AR",
				"AT",
				"AU",
				"BE",
				"BG",
				"BH",
				"BO",
				"BR",
				"CA",
				"CH",
				"CL",
				"CO",
				"CR",
				"CY",
				"CZ",
				"DE",
				"DK",
				"DO",
				"DZ",
				"EC",
				"EE",
				"EG",
				"ES",
				"FI",
				"FR",
				"GB",
				"GR",
				"GT",
				"HK",
				"HN",
				"HU",
				"ID",
				"IE",
				"IL",
				"IN",
				"IS",
				"IT",
				"JO",
				"JP",
				"KW",
				"LB",
				"LI",
				"LT",
				"LU",
				"LV",
				"MA",
				"MC",
				"MT",
				"MX",
				"MY",
				"NI",
				"NL",
				"NO",
				"NZ",
				"OM",
				"PA",
				"PE",
				"PH",
				"PL",
				"PS",
				"PT",
				"PY",
				"QA",
				"RO",
				"SA",
				"SE",
				"SG",
				"SK",
				"SV",
				"TH",
				"TN",
				"TR",
				"TW",
				"US",
				"UY",
				"VN",
				"ZA"
			],
			"external_urls": {
				"spotify": "https://open.spotify.com/album/3mH6qwIy9crq0I9YQbOuDf"
			},
			"href": "https://api.spotify.com/v1/albums/3mH6qwIy9crq0I9YQbOuDf",
			"id": "3mH6qwIy9crq0I9YQbOuDf",
			"images": [
				{
					"height": 640,
					"url": "https://i.scdn.co/image/ab67616d0000b273c5649add07ed3720be9d5526",
					"width": 640
				},
				{
					"height": 300,
					"url": "https://i.scdn.co/image/ab67616d00001e02c5649add07ed3720be9d5526",
					"width": 300
				},
				{
					"height": 64,
					"url": "https://i.scdn.co/image/ab67616d00004851c5649add07ed3720be9d5526",
					"width": 64
				}
			],
			"name": "Blonde",
			"release_date": "2016-08-20",
			"release_date_precision": "day",
			"total_tracks": 17,
			"type": "album",
			"uri": "spotify:album:3mH6qwIy9crq0I9YQbOuDf"
		},
		"artists": [
			{
				"external_urls": {
					"spotify": "https://open.spotify.com/artist/2h93pZq0e7k5yf4dywlkpM"
				},
				"href": "https://api.spotify.com/v1/artists/2h93pZq0e7k5yf4dywlkpM",
				"id": "2h93pZq0e7k5yf4dywlkpM",
				"name": "Frank Ocean",
				"type": "artist",
				"uri": "spotify:artist:2h93pZq0e7k5yf4dywlkpM"
			}
		],
		"available_markets": [
			"AD",
			"AE",
			"AR",
			"AT",
			"AU",
			"BE",
			"BG",
			"BH",
			"BO",
			"BR",
			"CA",
			"CH",
			"CL",
			"CO",
			"CR",
			"CY",
			"CZ",
			"DE",
			"DK",
			"DO",
			"DZ",
			"EC",
			"EE",
			"EG",
			"ES",
			"FI",
			"FR",
			"GB",
			"GR",
			"GT",
			"HK",
			"HN",
			"HU",
			"ID",
			"IE",
			"IL",
			"IN",
			"IS",
			"IT",
			"JO",
			"JP",
			"KW",
			"LB",
			"LI",
			"LT",
			"LU",
			"LV",
			"MA",
			"MC",
			"MT",
			"MX",
			"MY",
			"NI",
			"NL",
			"NO",
			"NZ",
			"OM",
			"PA",
			"PE",
			"PH",
			"PL",
			"PS",
			"PT",
			"PY",
			"QA",
			"RO",
			"SA",
			"SE",
			"SG",
			"SK",
			"SV",
			"TH",
			"TN",
			"TR",
			"TW",
			"US",
			"UY",
			"VN",
			"ZA"
		],
		"disc_number": 1,
		"duration_ms": 249667,
		"explicit": False,
		"external_ids": { "isrc": "QZ5C81600007" },
		"external_urls": {
			"spotify": "https://open.spotify.com/track/5GUYJTQap5F3RDQiCOJhrS"
		},
		"href": "https://api.spotify.com/v1/tracks/5GUYJTQap5F3RDQiCOJhrS",
		"id": "5GUYJTQap5F3RDQiCOJhrS",
		"is_local": False,
		"name": "Self Control",
		"popularity": 74,
		"preview_url": "https://p.scdn.co/mp3-preview/ec76abf91ef45efe40fb8442e729f0d7b00facde?cid=28e288eb88f342c79ac8389d6ab32529",
		"track_number": 7,
		"type": "track",
		"uri": "spotify:track:5GUYJTQap5F3RDQiCOJhrS"
	},
	{
		"album": {
			"album_type": "ALBUM",
			"artists": [
				{
					"external_urls": {
						"spotify": "https://open.spotify.com/artist/70gP6Ry4Uo0Yx6uzPIdaiJ"
					},
					"href": "https://api.spotify.com/v1/artists/70gP6Ry4Uo0Yx6uzPIdaiJ",
					"id": "70gP6Ry4Uo0Yx6uzPIdaiJ",
					"name": "Bas",
					"type": "artist",
					"uri": "spotify:artist:70gP6Ry4Uo0Yx6uzPIdaiJ"
				}
			],
			"available_markets": [
				"AD",
				"AE",
				"AR",
				"AT",
				"AU",
				"BE",
				"BG",
				"BH",
				"BO",
				"BR",
				"CA",
				"CH",
				"CL",
				"CO",
				"CR",
				"CY",
				"CZ",
				"DE",
				"DK",
				"DO",
				"DZ",
				"EC",
				"EE",
				"EG",
				"ES",
				"FI",
				"FR",
				"GB",
				"GR",
				"GT",
				"HK",
				"HN",
				"HU",
				"ID",
				"IE",
				"IL",
				"IN",
				"IS",
				"IT",
				"JO",
				"JP",
				"KW",
				"LB",
				"LI",
				"LT",
				"LU",
				"LV",
				"MA",
				"MC",
				"MT",
				"MX",
				"MY",
				"NI",
				"NL",
				"NO",
				"NZ",
				"OM",
				"PA",
				"PE",
				"PH",
				"PL",
				"PT",
				"PY",
				"QA",
				"RO",
				"SA",
				"SE",
				"SG",
				"SK",
				"SV",
				"TH",
				"TN",
				"TR",
				"TW",
				"US",
				"UY",
				"VN",
				"ZA"
			],
			"external_urls": {
				"spotify": "https://open.spotify.com/album/0djZBLLoZgWveXvSGQ6AHI"
			},
			"href": "https://api.spotify.com/v1/albums/0djZBLLoZgWveXvSGQ6AHI",
			"id": "0djZBLLoZgWveXvSGQ6AHI",
			"images": [
				{
					"height": 640,
					"url": "https://i.scdn.co/image/ab67616d0000b273103cd3c1b6158752d19ec842",
					"width": 640
				},
				{
					"height": 300,
					"url": "https://i.scdn.co/image/ab67616d00001e02103cd3c1b6158752d19ec842",
					"width": 300
				},
				{
					"height": 64,
					"url": "https://i.scdn.co/image/ab67616d00004851103cd3c1b6158752d19ec842",
					"width": 64
				}
			],
			"name": "Too High To Riot",
			"release_date": "2016-01-16",
			"release_date_precision": "day",
			"total_tracks": 12,
			"type": "album",
			"uri": "spotify:album:0djZBLLoZgWveXvSGQ6AHI"
		},
		"artists": [
			{
				"external_urls": {
					"spotify": "https://open.spotify.com/artist/70gP6Ry4Uo0Yx6uzPIdaiJ"
				},
				"href": "https://api.spotify.com/v1/artists/70gP6Ry4Uo0Yx6uzPIdaiJ",
				"id": "70gP6Ry4Uo0Yx6uzPIdaiJ",
				"name": "Bas",
				"type": "artist",
				"uri": "spotify:artist:70gP6Ry4Uo0Yx6uzPIdaiJ"
			}
		],
		"available_markets": [
			"AD",
			"AE",
			"AR",
			"AT",
			"AU",
			"BE",
			"BG",
			"BH",
			"BO",
			"BR",
			"CA",
			"CH",
			"CL",
			"CO",
			"CR",
			"CY",
			"CZ",
			"DE",
			"DK",
			"DO",
			"DZ",
			"EC",
			"EE",
			"EG",
			"ES",
			"FI",
			"FR",
			"GB",
			"GR",
			"GT",
			"HK",
			"HN",
			"HU",
			"ID",
			"IE",
			"IL",
			"IN",
			"IS",
			"IT",
			"JO",
			"JP",
			"KW",
			"LB",
			"LI",
			"LT",
			"LU",
			"LV",
			"MA",
			"MC",
			"MT",
			"MX",
			"MY",
			"NI",
			"NL",
			"NO",
			"NZ",
			"OM",
			"PA",
			"PE",
			"PH",
			"PL",
			"PT",
			"PY",
			"QA",
			"RO",
			"SA",
			"SE",
			"SG",
			"SK",
			"SV",
			"TH",
			"TN",
			"TR",
			"TW",
			"US",
			"UY",
			"VN",
			"ZA"
		],
		"disc_number": 1,
		"duration_ms": 188933,
		"explicit": True,
		"external_ids": { "isrc": "USUM71518464" },
		"external_urls": {
			"spotify": "https://open.spotify.com/track/4z3X794EXFeZLsaF7FEwTj"
		},
		"href": "https://api.spotify.com/v1/tracks/4z3X794EXFeZLsaF7FEwTj",
		"id": "4z3X794EXFeZLsaF7FEwTj",
		"is_local": False,
		"name": "Clouds Never Get Old",
		"popularity": 44,
		"preview_url": "https://p.scdn.co/mp3-preview/ddf78cb09d0236c5f504629761d7348bdc7cf405?cid=28e288eb88f342c79ac8389d6ab32529",
		"track_number": 7,
		"type": "track",
		"uri": "spotify:track:4z3X794EXFeZLsaF7FEwTj"
	},
	{
		"album": {
			"album_type": "ALBUM",
			"artists": [
				{
					"external_urls": {
						"spotify": "https://open.spotify.com/artist/3jK9MiCrA42lLAdMGUZpwa"
					},
					"href": "https://api.spotify.com/v1/artists/3jK9MiCrA42lLAdMGUZpwa",
					"id": "3jK9MiCrA42lLAdMGUZpwa",
					"name": "Anderson .Paak",
					"type": "artist",
					"uri": "spotify:artist:3jK9MiCrA42lLAdMGUZpwa"
				}
			],
			"available_markets": [
				"AE",
				"AR",
				"AU",
				"BH",
				"BO",
				"BR",
				"CA",
				"CL",
				"CO",
				"CR",
				"DO",
				"DZ",
				"EC",
				"EG",
				"GT",
				"HK",
				"HN",
				"ID",
				"IL",
				"IN",
				"JO",
				"JP",
				"KW",
				"LB",
				"MA",
				"MX",
				"MY",
				"NI",
				"NZ",
				"OM",
				"PA",
				"PE",
				"PH",
				"PS",
				"PY",
				"QA",
				"SA",
				"SG",
				"SV",
				"TH",
				"TN",
				"TR",
				"TW",
				"US",
				"UY",
				"VN",
				"ZA"
			],
			"external_urls": {
				"spotify": "https://open.spotify.com/album/4VFG1DOuTeDMBjBLZT7hCK"
			},
			"href": "https://api.spotify.com/v1/albums/4VFG1DOuTeDMBjBLZT7hCK",
			"id": "4VFG1DOuTeDMBjBLZT7hCK",
			"images": [
				{
					"height": 640,
					"url": "https://i.scdn.co/image/ab67616d0000b273f8e77075414234fd77fce32b",
					"width": 640
				},
				{
					"height": 300,
					"url": "https://i.scdn.co/image/ab67616d00001e02f8e77075414234fd77fce32b",
					"width": 300
				},
				{
					"height": 64,
					"url": "https://i.scdn.co/image/ab67616d00004851f8e77075414234fd77fce32b",
					"width": 64
				}
			],
			"name": "Malibu",
			"release_date": "2016-01-15",
			"release_date_precision": "day",
			"total_tracks": 16,
			"type": "album",
			"uri": "spotify:album:4VFG1DOuTeDMBjBLZT7hCK"
		},
		"artists": [
			{
				"external_urls": {
					"spotify": "https://open.spotify.com/artist/3jK9MiCrA42lLAdMGUZpwa"
				},
				"href": "https://api.spotify.com/v1/artists/3jK9MiCrA42lLAdMGUZpwa",
				"id": "3jK9MiCrA42lLAdMGUZpwa",
				"name": "Anderson .Paak",
				"type": "artist",
				"uri": "spotify:artist:3jK9MiCrA42lLAdMGUZpwa"
			},
			{
				"external_urls": {
					"spotify": "https://open.spotify.com/artist/0lEssBAxQl2In4RpaB1C2Y"
				},
				"href": "https://api.spotify.com/v1/artists/0lEssBAxQl2In4RpaB1C2Y",
				"id": "0lEssBAxQl2In4RpaB1C2Y",
				"name": "Talib Kweli",
				"type": "artist",
				"uri": "spotify:artist:0lEssBAxQl2In4RpaB1C2Y"
			},
			{
				"external_urls": {
					"spotify": "https://open.spotify.com/artist/78OK71F2nNKI5nNw4BycWm"
				},
				"href": "https://api.spotify.com/v1/artists/78OK71F2nNKI5nNw4BycWm",
				"id": "78OK71F2nNKI5nNw4BycWm",
				"name": "Timan Family Choir",
				"type": "artist",
				"uri": "spotify:artist:78OK71F2nNKI5nNw4BycWm"
			}
		],
		"available_markets": [
			"AE",
			"AR",
			"AU",
			"BH",
			"BO",
			"BR",
			"CA",
			"CL",
			"CO",
			"CR",
			"DO",
			"DZ",
			"EC",
			"EG",
			"GT",
			"HK",
			"HN",
			"ID",
			"IL",
			"IN",
			"JO",
			"JP",
			"KW",
			"LB",
			"MA",
			"MX",
			"MY",
			"NI",
			"NZ",
			"OM",
			"PA",
			"PE",
			"PH",
			"PS",
			"PY",
			"QA",
			"SA",
			"SG",
			"SV",
			"TH",
			"TN",
			"TR",
			"TW",
			"US",
			"UY",
			"VN",
			"ZA"
		],
		"disc_number": 1,
		"duration_ms": 339973,
		"explicit": True,
		"external_ids": { "isrc": "USUYG1088428" },
		"external_urls": {
			"spotify": "https://open.spotify.com/track/2sNhYJ2ggd9BadlTXU3Mah"
		},
		"href": "https://api.spotify.com/v1/tracks/2sNhYJ2ggd9BadlTXU3Mah",
		"id": "2sNhYJ2ggd9BadlTXU3Mah",
		"is_local": False,
		"name": "The Dreamer (feat. Talib Kweli & Timan Family Choir)",
		"popularity": 54,
		"preview_url": "https://p.scdn.co/mp3-preview/d543c9b9865950e12795ddc6975ae56b6689aca7?cid=28e288eb88f342c79ac8389d6ab32529",
		"track_number": 16,
		"type": "track",
		"uri": "spotify:track:2sNhYJ2ggd9BadlTXU3Mah"
	},
	{
		"album": {
			"album_type": "ALBUM",
			"artists": [
				{
					"external_urls": {
						"spotify": "https://open.spotify.com/artist/70gP6Ry4Uo0Yx6uzPIdaiJ"
					},
					"href": "https://api.spotify.com/v1/artists/70gP6Ry4Uo0Yx6uzPIdaiJ",
					"id": "70gP6Ry4Uo0Yx6uzPIdaiJ",
					"name": "Bas",
					"type": "artist",
					"uri": "spotify:artist:70gP6Ry4Uo0Yx6uzPIdaiJ"
				}
			],
			"available_markets": [
				"AD",
				"AE",
				"AR",
				"AT",
				"AU",
				"BE",
				"BG",
				"BH",
				"BO",
				"BR",
				"CA",
				"CH",
				"CL",
				"CO",
				"CR",
				"CY",
				"CZ",
				"DE",
				"DK",
				"DO",
				"DZ",
				"EC",
				"EE",
				"EG",
				"ES",
				"FI",
				"FR",
				"GB",
				"GR",
				"GT",
				"HK",
				"HN",
				"HU",
				"ID",
				"IE",
				"IL",
				"IN",
				"IS",
				"IT",
				"JO",
				"JP",
				"KW",
				"LB",
				"LI",
				"LT",
				"LU",
				"LV",
				"MA",
				"MC",
				"MT",
				"MX",
				"MY",
				"NI",
				"NL",
				"NO",
				"NZ",
				"OM",
				"PA",
				"PE",
				"PH",
				"PL",
				"PS",
				"PT",
				"PY",
				"QA",
				"RO",
				"SA",
				"SE",
				"SG",
				"SK",
				"SV",
				"TH",
				"TN",
				"TR",
				"TW",
				"US",
				"UY",
				"VN",
				"ZA"
			],
			"external_urls": {
				"spotify": "https://open.spotify.com/album/6sDQacCej53Q43vZF9PJ8i"
			},
			"href": "https://api.spotify.com/v1/albums/6sDQacCej53Q43vZF9PJ8i",
			"id": "6sDQacCej53Q43vZF9PJ8i",
			"images": [
				{
					"height": 640,
					"url": "https://i.scdn.co/image/ab67616d0000b273267158422744961d90e942b3",
					"width": 640
				},
				{
					"height": 300,
					"url": "https://i.scdn.co/image/ab67616d00001e02267158422744961d90e942b3",
					"width": 300
				},
				{
					"height": 64,
					"url": "https://i.scdn.co/image/ab67616d00004851267158422744961d90e942b3",
					"width": 64
				}
			],
			"name": "Milky Way",
			"release_date": "2018-08-24",
			"release_date_precision": "day",
			"total_tracks": 14,
			"type": "album",
			"uri": "spotify:album:6sDQacCej53Q43vZF9PJ8i"
		},
		"artists": [
			{
				"external_urls": {
					"spotify": "https://open.spotify.com/artist/70gP6Ry4Uo0Yx6uzPIdaiJ"
				},
				"href": "https://api.spotify.com/v1/artists/70gP6Ry4Uo0Yx6uzPIdaiJ",
				"id": "70gP6Ry4Uo0Yx6uzPIdaiJ",
				"name": "Bas",
				"type": "artist",
				"uri": "spotify:artist:70gP6Ry4Uo0Yx6uzPIdaiJ"
			}
		],
		"available_markets": [
			"AD",
			"AE",
			"AR",
			"AT",
			"AU",
			"BE",
			"BG",
			"BH",
			"BO",
			"BR",
			"CA",
			"CH",
			"CL",
			"CO",
			"CR",
			"CY",
			"CZ",
			"DE",
			"DK",
			"DO",
			"DZ",
			"EC",
			"EE",
			"EG",
			"ES",
			"FI",
			"FR",
			"GB",
			"GR",
			"GT",
			"HK",
			"HN",
			"HU",
			"ID",
			"IE",
			"IL",
			"IN",
			"IS",
			"IT",
			"JO",
			"JP",
			"KW",
			"LB",
			"LI",
			"LT",
			"LU",
			"LV",
			"MA",
			"MC",
			"MT",
			"MX",
			"MY",
			"NI",
			"NL",
			"NO",
			"NZ",
			"OM",
			"PA",
			"PE",
			"PH",
			"PL",
			"PS",
			"PT",
			"PY",
			"QA",
			"RO",
			"SA",
			"SE",
			"SG",
			"SK",
			"SV",
			"TH",
			"TN",
			"TR",
			"TW",
			"US",
			"UY",
			"VN",
			"ZA"
		],
		"disc_number": 1,
		"duration_ms": 186613,
		"explicit": True,
		"external_ids": { "isrc": "USUM71810357" },
		"external_urls": {
			"spotify": "https://open.spotify.com/track/3OORhRpIhCk21HaJwMAp5t"
		},
		"href": "https://api.spotify.com/v1/tracks/3OORhRpIhCk21HaJwMAp5t",
		"id": "3OORhRpIhCk21HaJwMAp5t",
		"is_local": False,
		"name": "Purge",
		"popularity": 55,
		"preview_url": "https://p.scdn.co/mp3-preview/ee8c61f6a03f7b5005dbcd4d711aab4223e5df2c?cid=28e288eb88f342c79ac8389d6ab32529",
		"track_number": 6,
		"type": "track",
		"uri": "spotify:track:3OORhRpIhCk21HaJwMAp5t"
	},
	{
		"album": {
			"album_type": "SINGLE",
			"artists": [
				{
					"external_urls": {
						"spotify": "https://open.spotify.com/artist/2h93pZq0e7k5yf4dywlkpM"
					},
					"href": "https://api.spotify.com/v1/artists/2h93pZq0e7k5yf4dywlkpM",
					"id": "2h93pZq0e7k5yf4dywlkpM",
					"name": "Frank Ocean",
					"type": "artist",
					"uri": "spotify:artist:2h93pZq0e7k5yf4dywlkpM"
				}
			],
			"available_markets": [
				"AD",
				"AE",
				"AR",
				"AT",
				"AU",
				"BE",
				"BG",
				"BH",
				"BO",
				"BR",
				"CA",
				"CH",
				"CL",
				"CO",
				"CR",
				"CY",
				"CZ",
				"DE",
				"DK",
				"DO",
				"DZ",
				"EC",
				"EE",
				"EG",
				"ES",
				"FI",
				"FR",
				"GB",
				"GR",
				"GT",
				"HK",
				"HN",
				"HU",
				"ID",
				"IE",
				"IL",
				"IN",
				"IS",
				"IT",
				"JO",
				"JP",
				"KW",
				"LB",
				"LI",
				"LT",
				"LU",
				"LV",
				"MA",
				"MC",
				"MT",
				"MX",
				"MY",
				"NI",
				"NL",
				"NO",
				"NZ",
				"OM",
				"PA",
				"PE",
				"PH",
				"PL",
				"PS",
				"PT",
				"PY",
				"QA",
				"RO",
				"SA",
				"SE",
				"SG",
				"SK",
				"SV",
				"TH",
				"TN",
				"TR",
				"TW",
				"US",
				"UY",
				"VN",
				"ZA"
			],
			"external_urls": {
				"spotify": "https://open.spotify.com/album/0iqqnLXoocsMeCYlTw3Q2q"
			},
			"href": "https://api.spotify.com/v1/albums/0iqqnLXoocsMeCYlTw3Q2q",
			"id": "0iqqnLXoocsMeCYlTw3Q2q",
			"images": [
				{
					"height": 640,
					"url": "https://i.scdn.co/image/ab67616d0000b2736566b46cd24c5f2d0561ee7a",
					"width": 640
				},
				{
					"height": 300,
					"url": "https://i.scdn.co/image/ab67616d00001e026566b46cd24c5f2d0561ee7a",
					"width": 300
				},
				{
					"height": 64,
					"url": "https://i.scdn.co/image/ab67616d000048516566b46cd24c5f2d0561ee7a",
					"width": 64
				}
			],
			"name": "Moon River",
			"release_date": "2018-02-14",
			"release_date_precision": "day",
			"total_tracks": 1,
			"type": "album",
			"uri": "spotify:album:0iqqnLXoocsMeCYlTw3Q2q"
		},
		"artists": [
			{
				"external_urls": {
					"spotify": "https://open.spotify.com/artist/2h93pZq0e7k5yf4dywlkpM"
				},
				"href": "https://api.spotify.com/v1/artists/2h93pZq0e7k5yf4dywlkpM",
				"id": "2h93pZq0e7k5yf4dywlkpM",
				"name": "Frank Ocean",
				"type": "artist",
				"uri": "spotify:artist:2h93pZq0e7k5yf4dywlkpM"
			}
		],
		"available_markets": [
			"AD",
			"AE",
			"AR",
			"AT",
			"AU",
			"BE",
			"BG",
			"BH",
			"BO",
			"BR",
			"CA",
			"CH",
			"CL",
			"CO",
			"CR",
			"CY",
			"CZ",
			"DE",
			"DK",
			"DO",
			"DZ",
			"EC",
			"EE",
			"EG",
			"ES",
			"FI",
			"FR",
			"GB",
			"GR",
			"GT",
			"HK",
			"HN",
			"HU",
			"ID",
			"IE",
			"IL",
			"IN",
			"IS",
			"IT",
			"JO",
			"JP",
			"KW",
			"LB",
			"LI",
			"LT",
			"LU",
			"LV",
			"MA",
			"MC",
			"MT",
			"MX",
			"MY",
			"NI",
			"NL",
			"NO",
			"NZ",
			"OM",
			"PA",
			"PE",
			"PH",
			"PL",
			"PS",
			"PT",
			"PY",
			"QA",
			"RO",
			"SA",
			"SE",
			"SG",
			"SK",
			"SV",
			"TH",
			"TN",
			"TR",
			"TW",
			"US",
			"UY",
			"VN",
			"ZA"
		],
		"disc_number": 1,
		"duration_ms": 188323,
		"explicit": False,
		"external_ids": { "isrc": "QM24S1802611" },
		"external_urls": {
			"spotify": "https://open.spotify.com/track/41cpvQ2GyGb2BRdIRSsTqK"
		},
		"href": "https://api.spotify.com/v1/tracks/41cpvQ2GyGb2BRdIRSsTqK",
		"id": "41cpvQ2GyGb2BRdIRSsTqK",
		"is_local": False,
		"name": "Moon River",
		"popularity": 68,
		"preview_url": "https://p.scdn.co/mp3-preview/3fc9d1a58bfd42a221175591e91734f85fde8b5f?cid=28e288eb88f342c79ac8389d6ab32529",
		"track_number": 1,
		"type": "track",
		"uri": "spotify:track:41cpvQ2GyGb2BRdIRSsTqK"
	},
	{
		"album": {
			"album_type": "ALBUM",
			"artists": [
				{
					"external_urls": {
						"spotify": "https://open.spotify.com/artist/1Uff91EOsvd99rtAupatMP"
					},
					"href": "https://api.spotify.com/v1/artists/1Uff91EOsvd99rtAupatMP",
					"id": "1Uff91EOsvd99rtAupatMP",
					"name": "Claude Debussy",
					"type": "artist",
					"uri": "spotify:artist:1Uff91EOsvd99rtAupatMP"
				},
				{
					"external_urls": {
						"spotify": "https://open.spotify.com/artist/1VzJXXVXsYbEK773GWSoND"
					},
					"href": "https://api.spotify.com/v1/artists/1VzJXXVXsYbEK773GWSoND",
					"id": "1VzJXXVXsYbEK773GWSoND",
					"name": "Martin Jones",
					"type": "artist",
					"uri": "spotify:artist:1VzJXXVXsYbEK773GWSoND"
				}
			],
			"available_markets": [
				"AD",
				"AE",
				"AR",
				"AT",
				"AU",
				"BE",
				"BG",
				"BH",
				"BO",
				"BR",
				"CA",
				"CH",
				"CL",
				"CO",
				"CR",
				"CY",
				"CZ",
				"DE",
				"DK",
				"DO",
				"DZ",
				"EC",
				"EE",
				"EG",
				"ES",
				"FI",
				"FR",
				"GB",
				"GR",
				"GT",
				"HK",
				"HN",
				"HU",
				"ID",
				"IE",
				"IL",
				"IN",
				"IS",
				"IT",
				"JO",
				"JP",
				"KW",
				"LB",
				"LI",
				"LT",
				"LU",
				"LV",
				"MA",
				"MC",
				"MT",
				"MX",
				"MY",
				"NI",
				"NL",
				"NO",
				"NZ",
				"OM",
				"PA",
				"PE",
				"PH",
				"PL",
				"PS",
				"PT",
				"PY",
				"QA",
				"RO",
				"SA",
				"SE",
				"SG",
				"SK",
				"SV",
				"TH",
				"TN",
				"TR",
				"TW",
				"US",
				"UY",
				"VN",
				"ZA"
			],
			"external_urls": {
				"spotify": "https://open.spotify.com/album/4O5tv6jrLH80bmll46xEEe"
			},
			"href": "https://api.spotify.com/v1/albums/4O5tv6jrLH80bmll46xEEe",
			"id": "4O5tv6jrLH80bmll46xEEe",
			"images": [
				{
					"height": 640,
					"url": "https://i.scdn.co/image/ab67616d0000b2736e7bb273ff9cb1de1e1d4d0a",
					"width": 640
				},
				{
					"height": 300,
					"url": "https://i.scdn.co/image/ab67616d00001e026e7bb273ff9cb1de1e1d4d0a",
					"width": 300
				},
				{
					"height": 64,
					"url": "https://i.scdn.co/image/ab67616d000048516e7bb273ff9cb1de1e1d4d0a",
					"width": 64
				}
			],
			"name": "Debussy: Clair De Lune and Other Piano Favourites",
			"release_date": "1994",
			"release_date_precision": "year",
			"total_tracks": 20,
			"type": "album",
			"uri": "spotify:album:4O5tv6jrLH80bmll46xEEe"
		},
		"artists": [
			{
				"external_urls": {
					"spotify": "https://open.spotify.com/artist/1Uff91EOsvd99rtAupatMP"
				},
				"href": "https://api.spotify.com/v1/artists/1Uff91EOsvd99rtAupatMP",
				"id": "1Uff91EOsvd99rtAupatMP",
				"name": "Claude Debussy",
				"type": "artist",
				"uri": "spotify:artist:1Uff91EOsvd99rtAupatMP"
			},
			{
				"external_urls": {
					"spotify": "https://open.spotify.com/artist/1VzJXXVXsYbEK773GWSoND"
				},
				"href": "https://api.spotify.com/v1/artists/1VzJXXVXsYbEK773GWSoND",
				"id": "1VzJXXVXsYbEK773GWSoND",
				"name": "Martin Jones",
				"type": "artist",
				"uri": "spotify:artist:1VzJXXVXsYbEK773GWSoND"
			}
		],
		"available_markets": [
			"AD",
			"AE",
			"AR",
			"AT",
			"AU",
			"BE",
			"BG",
			"BH",
			"BO",
			"BR",
			"CA",
			"CH",
			"CL",
			"CO",
			"CR",
			"CY",
			"CZ",
			"DE",
			"DK",
			"DO",
			"DZ",
			"EC",
			"EE",
			"EG",
			"ES",
			"FI",
			"FR",
			"GB",
			"GR",
			"GT",
			"HK",
			"HN",
			"HU",
			"ID",
			"IE",
			"IL",
			"IN",
			"IS",
			"IT",
			"JO",
			"JP",
			"KW",
			"LB",
			"LI",
			"LT",
			"LU",
			"LV",
			"MA",
			"MC",
			"MT",
			"MX",
			"MY",
			"NI",
			"NL",
			"NO",
			"NZ",
			"OM",
			"PA",
			"PE",
			"PH",
			"PL",
			"PS",
			"PT",
			"PY",
			"QA",
			"RO",
			"SA",
			"SE",
			"SG",
			"SK",
			"SV",
			"TH",
			"TN",
			"TR",
			"TW",
			"US",
			"UY",
			"VN",
			"ZA"
		],
		"disc_number": 1,
		"duration_ms": 268000,
		"explicit": False,
		"external_ids": { "isrc": "GBAJU8800160" },
		"external_urls": {
			"spotify": "https://open.spotify.com/track/5u5aVJKjSMJr4zesMPz7bL"
		},
		"href": "https://api.spotify.com/v1/tracks/5u5aVJKjSMJr4zesMPz7bL",
		"id": "5u5aVJKjSMJr4zesMPz7bL",
		"is_local": False,
		"name": "Clair de Lune, L. 32",
		"popularity": 67,
		"preview_url": "https://p.scdn.co/mp3-preview/79531c59dbfc3679d23407dfdcb9a9461318c9a3?cid=28e288eb88f342c79ac8389d6ab32529",
		"track_number": 1,
		"type": "track",
		"uri": "spotify:track:5u5aVJKjSMJr4zesMPz7bL"
	},
	{
		"album": {
			"album_type": "SINGLE",
			"artists": [
				{
					"external_urls": {
						"spotify": "https://open.spotify.com/artist/2h93pZq0e7k5yf4dywlkpM"
					},
					"href": "https://api.spotify.com/v1/artists/2h93pZq0e7k5yf4dywlkpM",
					"id": "2h93pZq0e7k5yf4dywlkpM",
					"name": "Frank Ocean",
					"type": "artist",
					"uri": "spotify:artist:2h93pZq0e7k5yf4dywlkpM"
				}
			],
			"available_markets": [
				"AD",
				"AE",
				"AR",
				"AT",
				"AU",
				"BE",
				"BG",
				"BH",
				"BO",
				"BR",
				"CA",
				"CH",
				"CL",
				"CO",
				"CR",
				"CY",
				"CZ",
				"DE",
				"DK",
				"DO",
				"DZ",
				"EC",
				"EE",
				"EG",
				"ES",
				"FI",
				"FR",
				"GB",
				"GR",
				"GT",
				"HK",
				"HN",
				"HU",
				"ID",
				"IE",
				"IL",
				"IN",
				"IS",
				"IT",
				"JO",
				"JP",
				"KW",
				"LB",
				"LI",
				"LT",
				"LU",
				"LV",
				"MA",
				"MC",
				"MT",
				"MX",
				"MY",
				"NI",
				"NL",
				"NO",
				"NZ",
				"OM",
				"PA",
				"PE",
				"PH",
				"PL",
				"PS",
				"PT",
				"PY",
				"QA",
				"RO",
				"SA",
				"SE",
				"SG",
				"SK",
				"SV",
				"TH",
				"TN",
				"TR",
				"TW",
				"US",
				"UY",
				"VN",
				"ZA"
			],
			"external_urls": {
				"spotify": "https://open.spotify.com/album/6OGzmhzHcjf0uN9j7dYvZH"
			},
			"href": "https://api.spotify.com/v1/albums/6OGzmhzHcjf0uN9j7dYvZH",
			"id": "6OGzmhzHcjf0uN9j7dYvZH",
			"images": [
				{
					"height": 640,
					"url": "https://i.scdn.co/image/ab67616d0000b273a0b780c23fc3c19bd412b234",
					"width": 640
				},
				{
					"height": 300,
					"url": "https://i.scdn.co/image/ab67616d00001e02a0b780c23fc3c19bd412b234",
					"width": 300
				},
				{
					"height": 64,
					"url": "https://i.scdn.co/image/ab67616d00004851a0b780c23fc3c19bd412b234",
					"width": 64
				}
			],
			"name": "Chanel",
			"release_date": "2017-03-10",
			"release_date_precision": "day",
			"total_tracks": 1,
			"type": "album",
			"uri": "spotify:album:6OGzmhzHcjf0uN9j7dYvZH"
		},
		"artists": [
			{
				"external_urls": {
					"spotify": "https://open.spotify.com/artist/2h93pZq0e7k5yf4dywlkpM"
				},
				"href": "https://api.spotify.com/v1/artists/2h93pZq0e7k5yf4dywlkpM",
				"id": "2h93pZq0e7k5yf4dywlkpM",
				"name": "Frank Ocean",
				"type": "artist",
				"uri": "spotify:artist:2h93pZq0e7k5yf4dywlkpM"
			}
		],
		"available_markets": [
			"AD",
			"AE",
			"AR",
			"AT",
			"AU",
			"BE",
			"BG",
			"BH",
			"BO",
			"BR",
			"CA",
			"CH",
			"CL",
			"CO",
			"CR",
			"CY",
			"CZ",
			"DE",
			"DK",
			"DO",
			"DZ",
			"EC",
			"EE",
			"EG",
			"ES",
			"FI",
			"FR",
			"GB",
			"GR",
			"GT",
			"HK",
			"HN",
			"HU",
			"ID",
			"IE",
			"IL",
			"IN",
			"IS",
			"IT",
			"JO",
			"JP",
			"KW",
			"LB",
			"LI",
			"LT",
			"LU",
			"LV",
			"MA",
			"MC",
			"MT",
			"MX",
			"MY",
			"NI",
			"NL",
			"NO",
			"NZ",
			"OM",
			"PA",
			"PE",
			"PH",
			"PL",
			"PS",
			"PT",
			"PY",
			"QA",
			"RO",
			"SA",
			"SE",
			"SG",
			"SK",
			"SV",
			"TH",
			"TN",
			"TR",
			"TW",
			"US",
			"UY",
			"VN",
			"ZA"
		],
		"disc_number": 1,
		"duration_ms": 210285,
		"explicit": True,
		"external_ids": { "isrc": "QZ5C81600019" },
		"external_urls": {
			"spotify": "https://open.spotify.com/track/6Nle9hKrkL1wQpwNfEkxjh"
		},
		"href": "https://api.spotify.com/v1/tracks/6Nle9hKrkL1wQpwNfEkxjh",
		"id": "6Nle9hKrkL1wQpwNfEkxjh",
		"is_local": False,
		"name": "Chanel",
		"popularity": 81,
		"preview_url": "https://p.scdn.co/mp3-preview/1888bb2067ea1111ddb4a43d57d28473ec00383b?cid=28e288eb88f342c79ac8389d6ab32529",
		"track_number": 1,
		"type": "track",
		"uri": "spotify:track:6Nle9hKrkL1wQpwNfEkxjh"
	},
	{
		"album": {
			"album_type": "SINGLE",
			"artists": [
				{
					"external_urls": {
						"spotify": "https://open.spotify.com/artist/6l3HvQ5sa6mXTsMTB19rO5"
					},
					"href": "https://api.spotify.com/v1/artists/6l3HvQ5sa6mXTsMTB19rO5",
					"id": "6l3HvQ5sa6mXTsMTB19rO5",
					"name": "J. Cole",
					"type": "artist",
					"uri": "spotify:artist:6l3HvQ5sa6mXTsMTB19rO5"
				}
			],
			"available_markets": [
				"AD",
				"AE",
				"AR",
				"AT",
				"AU",
				"BE",
				"BG",
				"BH",
				"BO",
				"BR",
				"CA",
				"CH",
				"CL",
				"CO",
				"CR",
				"CY",
				"CZ",
				"DE",
				"DK",
				"DO",
				"DZ",
				"EC",
				"EE",
				"EG",
				"ES",
				"FI",
				"FR",
				"GB",
				"GR",
				"GT",
				"HK",
				"HN",
				"HU",
				"ID",
				"IE",
				"IL",
				"IN",
				"IS",
				"IT",
				"JO",
				"JP",
				"KW",
				"LB",
				"LI",
				"LT",
				"LU",
				"LV",
				"MA",
				"MC",
				"MT",
				"MX",
				"MY",
				"NI",
				"NL",
				"NO",
				"NZ",
				"OM",
				"PA",
				"PE",
				"PH",
				"PL",
				"PS",
				"PT",
				"PY",
				"QA",
				"RO",
				"SA",
				"SE",
				"SG",
				"SK",
				"SV",
				"TH",
				"TN",
				"TR",
				"TW",
				"US",
				"UY",
				"VN",
				"ZA"
			],
			"external_urls": {
				"spotify": "https://open.spotify.com/album/1wRfMGVxmo1Gokg7nUwHye"
			},
			"href": "https://api.spotify.com/v1/albums/1wRfMGVxmo1Gokg7nUwHye",
			"id": "1wRfMGVxmo1Gokg7nUwHye",
			"images": [
				{
					"height": 640,
					"url": "https://i.scdn.co/image/ab67616d0000b2737a6aa18b884bea97981b7542",
					"width": 640
				},
				{
					"height": 300,
					"url": "https://i.scdn.co/image/ab67616d00001e027a6aa18b884bea97981b7542",
					"width": 300
				},
				{
					"height": 64,
					"url": "https://i.scdn.co/image/ab67616d000048517a6aa18b884bea97981b7542",
					"width": 64
				}
			],
			"name": "Lewis Street",
			"release_date": "2020-07-22",
			"release_date_precision": "day",
			"total_tracks": 2,
			"type": "album",
			"uri": "spotify:album:1wRfMGVxmo1Gokg7nUwHye"
		},
		"artists": [
			{
				"external_urls": {
					"spotify": "https://open.spotify.com/artist/6l3HvQ5sa6mXTsMTB19rO5"
				},
				"href": "https://api.spotify.com/v1/artists/6l3HvQ5sa6mXTsMTB19rO5",
				"id": "6l3HvQ5sa6mXTsMTB19rO5",
				"name": "J. Cole",
				"type": "artist",
				"uri": "spotify:artist:6l3HvQ5sa6mXTsMTB19rO5"
			}
		],
		"available_markets": [
			"AD",
			"AE",
			"AR",
			"AT",
			"AU",
			"BE",
			"BG",
			"BH",
			"BO",
			"BR",
			"CA",
			"CH",
			"CL",
			"CO",
			"CR",
			"CY",
			"CZ",
			"DE",
			"DK",
			"DO",
			"DZ",
			"EC",
			"EE",
			"EG",
			"ES",
			"FI",
			"FR",
			"GB",
			"GR",
			"GT",
			"HK",
			"HN",
			"HU",
			"ID",
			"IE",
			"IL",
			"IN",
			"IS",
			"IT",
			"JO",
			"JP",
			"KW",
			"LB",
			"LI",
			"LT",
			"LU",
			"LV",
			"MA",
			"MC",
			"MT",
			"MX",
			"MY",
			"NI",
			"NL",
			"NO",
			"NZ",
			"OM",
			"PA",
			"PE",
			"PH",
			"PL",
			"PS",
			"PT",
			"PY",
			"QA",
			"RO",
			"SA",
			"SE",
			"SG",
			"SK",
			"SV",
			"TH",
			"TN",
			"TR",
			"TW",
			"US",
			"UY",
			"VN",
			"ZA"
		],
		"disc_number": 1,
		"duration_ms": 304640,
		"explicit": True,
		"external_ids": { "isrc": "QMJMT2003122" },
		"external_urls": {
			"spotify": "https://open.spotify.com/track/0FlfN5cbUUpIHCRH8X1M44"
		},
		"href": "https://api.spotify.com/v1/tracks/0FlfN5cbUUpIHCRH8X1M44",
		"id": "0FlfN5cbUUpIHCRH8X1M44",
		"is_local": False,
		"name": "The Climb Back",
		"popularity": 75,
		"preview_url": "https://p.scdn.co/mp3-preview/78dd66d030c2e323f2ada6f638bb5a5e2ceeb4f4?cid=28e288eb88f342c79ac8389d6ab32529",
		"track_number": 1,
		"type": "track",
		"uri": "spotify:track:0FlfN5cbUUpIHCRH8X1M44"
	},
	{
		"album": {
			"album_type": "ALBUM",
			"artists": [
				{
					"external_urls": {
						"spotify": "https://open.spotify.com/artist/2h93pZq0e7k5yf4dywlkpM"
					},
					"href": "https://api.spotify.com/v1/artists/2h93pZq0e7k5yf4dywlkpM",
					"id": "2h93pZq0e7k5yf4dywlkpM",
					"name": "Frank Ocean",
					"type": "artist",
					"uri": "spotify:artist:2h93pZq0e7k5yf4dywlkpM"
				}
			],
			"available_markets": [
				"AD",
				"AE",
				"AR",
				"AT",
				"AU",
				"BE",
				"BG",
				"BH",
				"BO",
				"BR",
				"CA",
				"CH",
				"CL",
				"CO",
				"CR",
				"CY",
				"CZ",
				"DE",
				"DK",
				"DO",
				"DZ",
				"EC",
				"EE",
				"EG",
				"ES",
				"FI",
				"FR",
				"GB",
				"GR",
				"GT",
				"HK",
				"HN",
				"HU",
				"ID",
				"IE",
				"IL",
				"IN",
				"IS",
				"IT",
				"JO",
				"JP",
				"KW",
				"LB",
				"LI",
				"LT",
				"LU",
				"LV",
				"MA",
				"MC",
				"MT",
				"MX",
				"MY",
				"NI",
				"NL",
				"NO",
				"NZ",
				"OM",
				"PA",
				"PE",
				"PH",
				"PL",
				"PS",
				"PT",
				"PY",
				"QA",
				"RO",
				"SA",
				"SE",
				"SG",
				"SK",
				"SV",
				"TH",
				"TN",
				"TR",
				"TW",
				"US",
				"UY",
				"VN",
				"ZA"
			],
			"external_urls": {
				"spotify": "https://open.spotify.com/album/3mH6qwIy9crq0I9YQbOuDf"
			},
			"href": "https://api.spotify.com/v1/albums/3mH6qwIy9crq0I9YQbOuDf",
			"id": "3mH6qwIy9crq0I9YQbOuDf",
			"images": [
				{
					"height": 640,
					"url": "https://i.scdn.co/image/ab67616d0000b273c5649add07ed3720be9d5526",
					"width": 640
				},
				{
					"height": 300,
					"url": "https://i.scdn.co/image/ab67616d00001e02c5649add07ed3720be9d5526",
					"width": 300
				},
				{
					"height": 64,
					"url": "https://i.scdn.co/image/ab67616d00004851c5649add07ed3720be9d5526",
					"width": 64
				}
			],
			"name": "Blonde",
			"release_date": "2016-08-20",
			"release_date_precision": "day",
			"total_tracks": 17,
			"type": "album",
			"uri": "spotify:album:3mH6qwIy9crq0I9YQbOuDf"
		},
		"artists": [
			{
				"external_urls": {
					"spotify": "https://open.spotify.com/artist/2h93pZq0e7k5yf4dywlkpM"
				},
				"href": "https://api.spotify.com/v1/artists/2h93pZq0e7k5yf4dywlkpM",
				"id": "2h93pZq0e7k5yf4dywlkpM",
				"name": "Frank Ocean",
				"type": "artist",
				"uri": "spotify:artist:2h93pZq0e7k5yf4dywlkpM"
			}
		],
		"available_markets": [
			"AD",
			"AE",
			"AR",
			"AT",
			"AU",
			"BE",
			"BG",
			"BH",
			"BO",
			"BR",
			"CA",
			"CH",
			"CL",
			"CO",
			"CR",
			"CY",
			"CZ",
			"DE",
			"DK",
			"DO",
			"DZ",
			"EC",
			"EE",
			"EG",
			"ES",
			"FI",
			"FR",
			"GB",
			"GR",
			"GT",
			"HK",
			"HN",
			"HU",
			"ID",
			"IE",
			"IL",
			"IN",
			"IS",
			"IT",
			"JO",
			"JP",
			"KW",
			"LB",
			"LI",
			"LT",
			"LU",
			"LV",
			"MA",
			"MC",
			"MT",
			"MX",
			"MY",
			"NI",
			"NL",
			"NO",
			"NZ",
			"OM",
			"PA",
			"PE",
			"PH",
			"PL",
			"PS",
			"PT",
			"PY",
			"QA",
			"RO",
			"SA",
			"SE",
			"SG",
			"SK",
			"SV",
			"TH",
			"TN",
			"TR",
			"TW",
			"US",
			"UY",
			"VN",
			"ZA"
		],
		"disc_number": 1,
		"duration_ms": 257380,
		"explicit": True,
		"external_ids": { "isrc": "QZ5C81600005" },
		"external_urls": {
			"spotify": "https://open.spotify.com/track/35xSkNIXi504fcEwz9USRB"
		},
		"href": "https://api.spotify.com/v1/tracks/35xSkNIXi504fcEwz9USRB",
		"id": "35xSkNIXi504fcEwz9USRB",
		"is_local": False,
		"name": "Solo",
		"popularity": 68,
		"preview_url": "https://p.scdn.co/mp3-preview/44b018025d71c874bd4c18088513b2e7e5a604c6?cid=28e288eb88f342c79ac8389d6ab32529",
		"track_number": 5,
		"type": "track",
		"uri": "spotify:track:35xSkNIXi504fcEwz9USRB"
	},
	{
		"album": {
			"album_type": "ALBUM",
			"artists": [
				{
					"external_urls": {
						"spotify": "https://open.spotify.com/artist/2h93pZq0e7k5yf4dywlkpM"
					},
					"href": "https://api.spotify.com/v1/artists/2h93pZq0e7k5yf4dywlkpM",
					"id": "2h93pZq0e7k5yf4dywlkpM",
					"name": "Frank Ocean",
					"type": "artist",
					"uri": "spotify:artist:2h93pZq0e7k5yf4dywlkpM"
				}
			],
			"available_markets": [
				"AD",
				"AE",
				"AR",
				"AT",
				"AU",
				"BE",
				"BG",
				"BH",
				"BO",
				"BR",
				"CA",
				"CH",
				"CL",
				"CO",
				"CR",
				"CY",
				"CZ",
				"DE",
				"DK",
				"DO",
				"DZ",
				"EC",
				"EE",
				"EG",
				"ES",
				"FI",
				"FR",
				"GB",
				"GR",
				"GT",
				"HK",
				"HN",
				"HU",
				"ID",
				"IE",
				"IL",
				"IN",
				"IS",
				"IT",
				"JO",
				"JP",
				"KW",
				"LB",
				"LI",
				"LT",
				"LU",
				"LV",
				"MA",
				"MC",
				"MT",
				"MX",
				"MY",
				"NI",
				"NL",
				"NO",
				"NZ",
				"OM",
				"PA",
				"PE",
				"PH",
				"PL",
				"PS",
				"PT",
				"PY",
				"QA",
				"RO",
				"SA",
				"SE",
				"SG",
				"SK",
				"SV",
				"TH",
				"TN",
				"TR",
				"TW",
				"US",
				"UY",
				"VN",
				"ZA"
			],
			"external_urls": {
				"spotify": "https://open.spotify.com/album/3mH6qwIy9crq0I9YQbOuDf"
			},
			"href": "https://api.spotify.com/v1/albums/3mH6qwIy9crq0I9YQbOuDf",
			"id": "3mH6qwIy9crq0I9YQbOuDf",
			"images": [
				{
					"height": 640,
					"url": "https://i.scdn.co/image/ab67616d0000b273c5649add07ed3720be9d5526",
					"width": 640
				},
				{
					"height": 300,
					"url": "https://i.scdn.co/image/ab67616d00001e02c5649add07ed3720be9d5526",
					"width": 300
				},
				{
					"height": 64,
					"url": "https://i.scdn.co/image/ab67616d00004851c5649add07ed3720be9d5526",
					"width": 64
				}
			],
			"name": "Blonde",
			"release_date": "2016-08-20",
			"release_date_precision": "day",
			"total_tracks": 17,
			"type": "album",
			"uri": "spotify:album:3mH6qwIy9crq0I9YQbOuDf"
		},
		"artists": [
			{
				"external_urls": {
					"spotify": "https://open.spotify.com/artist/2h93pZq0e7k5yf4dywlkpM"
				},
				"href": "https://api.spotify.com/v1/artists/2h93pZq0e7k5yf4dywlkpM",
				"id": "2h93pZq0e7k5yf4dywlkpM",
				"name": "Frank Ocean",
				"type": "artist",
				"uri": "spotify:artist:2h93pZq0e7k5yf4dywlkpM"
			}
		],
		"available_markets": [
			"AD",
			"AE",
			"AR",
			"AT",
			"AU",
			"BE",
			"BG",
			"BH",
			"BO",
			"BR",
			"CA",
			"CH",
			"CL",
			"CO",
			"CR",
			"CY",
			"CZ",
			"DE",
			"DK",
			"DO",
			"DZ",
			"EC",
			"EE",
			"EG",
			"ES",
			"FI",
			"FR",
			"GB",
			"GR",
			"GT",
			"HK",
			"HN",
			"HU",
			"ID",
			"IE",
			"IL",
			"IN",
			"IS",
			"IT",
			"JO",
			"JP",
			"KW",
			"LB",
			"LI",
			"LT",
			"LU",
			"LV",
			"MA",
			"MC",
			"MT",
			"MX",
			"MY",
			"NI",
			"NL",
			"NO",
			"NZ",
			"OM",
			"PA",
			"PE",
			"PH",
			"PL",
			"PS",
			"PT",
			"PY",
			"QA",
			"RO",
			"SA",
			"SE",
			"SG",
			"SK",
			"SV",
			"TH",
			"TN",
			"TR",
			"TW",
			"US",
			"UY",
			"VN",
			"ZA"
		],
		"disc_number": 1,
		"duration_ms": 248807,
		"explicit": False,
		"external_ids": { "isrc": "QZ5C81600014" },
		"external_urls": {
			"spotify": "https://open.spotify.com/track/2LMkwUfqC6S6s6qDVlEuzV"
		},
		"href": "https://api.spotify.com/v1/tracks/2LMkwUfqC6S6s6qDVlEuzV",
		"id": "2LMkwUfqC6S6s6qDVlEuzV",
		"is_local": False,
		"name": "White Ferrari",
		"popularity": 75,
		"preview_url": "https://p.scdn.co/mp3-preview/83113c9aeb6c26cc53fa07cd2a1c6782afed3a2d?cid=28e288eb88f342c79ac8389d6ab32529",
		"track_number": 14,
		"type": "track",
		"uri": "spotify:track:2LMkwUfqC6S6s6qDVlEuzV"
	},
	{
		"album": {
			"album_type": "ALBUM",
			"artists": [
				{
					"external_urls": {
						"spotify": "https://open.spotify.com/artist/1MlV4b7HGi4AiZWXholyVu"
					},
					"href": "https://api.spotify.com/v1/artists/1MlV4b7HGi4AiZWXholyVu",
					"id": "1MlV4b7HGi4AiZWXholyVu",
					"name": "IshDARR",
					"type": "artist",
					"uri": "spotify:artist:1MlV4b7HGi4AiZWXholyVu"
				}
			],
			"available_markets": [
				"AD",
				"AE",
				"AR",
				"AT",
				"AU",
				"BE",
				"BG",
				"BH",
				"BO",
				"BR",
				"CA",
				"CH",
				"CL",
				"CO",
				"CR",
				"CY",
				"CZ",
				"DE",
				"DK",
				"DO",
				"DZ",
				"EC",
				"EE",
				"EG",
				"ES",
				"FI",
				"FR",
				"GB",
				"GR",
				"GT",
				"HK",
				"HN",
				"HU",
				"ID",
				"IE",
				"IL",
				"IN",
				"IS",
				"IT",
				"JO",
				"JP",
				"KW",
				"LB",
				"LI",
				"LT",
				"LU",
				"LV",
				"MA",
				"MC",
				"MT",
				"MX",
				"MY",
				"NI",
				"NL",
				"NO",
				"NZ",
				"OM",
				"PA",
				"PE",
				"PH",
				"PL",
				"PS",
				"PT",
				"PY",
				"QA",
				"RO",
				"SA",
				"SE",
				"SG",
				"SK",
				"SV",
				"TH",
				"TN",
				"TR",
				"TW",
				"US",
				"UY",
				"VN",
				"ZA"
			],
			"external_urls": {
				"spotify": "https://open.spotify.com/album/3NSvQ1h0KrrfTDUOiGFTXo"
			},
			"href": "https://api.spotify.com/v1/albums/3NSvQ1h0KrrfTDUOiGFTXo",
			"id": "3NSvQ1h0KrrfTDUOiGFTXo",
			"images": [
				{
					"height": 640,
					"url": "https://i.scdn.co/image/ab67616d0000b2730f3faa8bcb704fbbb7936909",
					"width": 640
				},
				{
					"height": 300,
					"url": "https://i.scdn.co/image/ab67616d00001e020f3faa8bcb704fbbb7936909",
					"width": 300
				},
				{
					"height": 64,
					"url": "https://i.scdn.co/image/ab67616d000048510f3faa8bcb704fbbb7936909",
					"width": 64
				}
			],
			"name": "Broken Hearts & Bankrolls",
			"release_date": "2016-10-07",
			"release_date_precision": "day",
			"total_tracks": 12,
			"type": "album",
			"uri": "spotify:album:3NSvQ1h0KrrfTDUOiGFTXo"
		},
		"artists": [
			{
				"external_urls": {
					"spotify": "https://open.spotify.com/artist/1MlV4b7HGi4AiZWXholyVu"
				},
				"href": "https://api.spotify.com/v1/artists/1MlV4b7HGi4AiZWXholyVu",
				"id": "1MlV4b7HGi4AiZWXholyVu",
				"name": "IshDARR",
				"type": "artist",
				"uri": "spotify:artist:1MlV4b7HGi4AiZWXholyVu"
			}
		],
		"available_markets": [
			"AD",
			"AE",
			"AR",
			"AT",
			"AU",
			"BE",
			"BG",
			"BH",
			"BO",
			"BR",
			"CA",
			"CH",
			"CL",
			"CO",
			"CR",
			"CY",
			"CZ",
			"DE",
			"DK",
			"DO",
			"DZ",
			"EC",
			"EE",
			"EG",
			"ES",
			"FI",
			"FR",
			"GB",
			"GR",
			"GT",
			"HK",
			"HN",
			"HU",
			"ID",
			"IE",
			"IL",
			"IN",
			"IS",
			"IT",
			"JO",
			"JP",
			"KW",
			"LB",
			"LI",
			"LT",
			"LU",
			"LV",
			"MA",
			"MC",
			"MT",
			"MX",
			"MY",
			"NI",
			"NL",
			"NO",
			"NZ",
			"OM",
			"PA",
			"PE",
			"PH",
			"PL",
			"PS",
			"PT",
			"PY",
			"QA",
			"RO",
			"SA",
			"SE",
			"SG",
			"SK",
			"SV",
			"TH",
			"TN",
			"TR",
			"TW",
			"US",
			"UY",
			"VN",
			"ZA"
		],
		"disc_number": 1,
		"duration_ms": 176000,
		"explicit": True,
		"external_ids": { "isrc": "USUYG1114294" },
		"external_urls": {
			"spotify": "https://open.spotify.com/track/684QDmRWzF4p2bICP68oou"
		},
		"href": "https://api.spotify.com/v1/tracks/684QDmRWzF4p2bICP68oou",
		"id": "684QDmRWzF4p2bICP68oou",
		"is_local": False,
		"name": "Locals",
		"popularity": 38,
		"preview_url": "https://p.scdn.co/mp3-preview/23a442b2dc2f5fd5008640b0f6437127093ef3a3?cid=28e288eb88f342c79ac8389d6ab32529",
		"track_number": 9,
		"type": "track",
		"uri": "spotify:track:684QDmRWzF4p2bICP68oou"
	},
	{
		"album": {
			"album_type": "ALBUM",
			"artists": [
				{
					"external_urls": {
						"spotify": "https://open.spotify.com/artist/70gP6Ry4Uo0Yx6uzPIdaiJ"
					},
					"href": "https://api.spotify.com/v1/artists/70gP6Ry4Uo0Yx6uzPIdaiJ",
					"id": "70gP6Ry4Uo0Yx6uzPIdaiJ",
					"name": "Bas",
					"type": "artist",
					"uri": "spotify:artist:70gP6Ry4Uo0Yx6uzPIdaiJ"
				}
			],
			"available_markets": [
				"AD",
				"AE",
				"AR",
				"AT",
				"AU",
				"BE",
				"BG",
				"BH",
				"BO",
				"BR",
				"CA",
				"CH",
				"CL",
				"CO",
				"CR",
				"CY",
				"CZ",
				"DE",
				"DK",
				"DO",
				"DZ",
				"EC",
				"EE",
				"EG",
				"ES",
				"FI",
				"FR",
				"GB",
				"GR",
				"GT",
				"HK",
				"HN",
				"HU",
				"ID",
				"IE",
				"IL",
				"IN",
				"IS",
				"IT",
				"JO",
				"JP",
				"KW",
				"LB",
				"LI",
				"LT",
				"LU",
				"LV",
				"MA",
				"MC",
				"MT",
				"MX",
				"MY",
				"NI",
				"NL",
				"NO",
				"NZ",
				"OM",
				"PA",
				"PE",
				"PH",
				"PL",
				"PS",
				"PT",
				"PY",
				"QA",
				"RO",
				"SA",
				"SE",
				"SG",
				"SK",
				"SV",
				"TH",
				"TN",
				"TR",
				"TW",
				"US",
				"UY",
				"VN",
				"ZA"
			],
			"external_urls": {
				"spotify": "https://open.spotify.com/album/6sDQacCej53Q43vZF9PJ8i"
			},
			"href": "https://api.spotify.com/v1/albums/6sDQacCej53Q43vZF9PJ8i",
			"id": "6sDQacCej53Q43vZF9PJ8i",
			"images": [
				{
					"height": 640,
					"url": "https://i.scdn.co/image/ab67616d0000b273267158422744961d90e942b3",
					"width": 640
				},
				{
					"height": 300,
					"url": "https://i.scdn.co/image/ab67616d00001e02267158422744961d90e942b3",
					"width": 300
				},
				{
					"height": 64,
					"url": "https://i.scdn.co/image/ab67616d00004851267158422744961d90e942b3",
					"width": 64
				}
			],
			"name": "Milky Way",
			"release_date": "2018-08-24",
			"release_date_precision": "day",
			"total_tracks": 14,
			"type": "album",
			"uri": "spotify:album:6sDQacCej53Q43vZF9PJ8i"
		},
		"artists": [
			{
				"external_urls": {
					"spotify": "https://open.spotify.com/artist/70gP6Ry4Uo0Yx6uzPIdaiJ"
				},
				"href": "https://api.spotify.com/v1/artists/70gP6Ry4Uo0Yx6uzPIdaiJ",
				"id": "70gP6Ry4Uo0Yx6uzPIdaiJ",
				"name": "Bas",
				"type": "artist",
				"uri": "spotify:artist:70gP6Ry4Uo0Yx6uzPIdaiJ"
			},
			{
				"external_urls": {
					"spotify": "https://open.spotify.com/artist/5dHt1vcEm9qb8fCyLcB3HL"
				},
				"href": "https://api.spotify.com/v1/artists/5dHt1vcEm9qb8fCyLcB3HL",
				"id": "5dHt1vcEm9qb8fCyLcB3HL",
				"name": "A$AP Ferg",
				"type": "artist",
				"uri": "spotify:artist:5dHt1vcEm9qb8fCyLcB3HL"
			}
		],
		"available_markets": [
			"AD",
			"AE",
			"AR",
			"AT",
			"AU",
			"BE",
			"BG",
			"BH",
			"BO",
			"BR",
			"CA",
			"CH",
			"CL",
			"CO",
			"CR",
			"CY",
			"CZ",
			"DE",
			"DK",
			"DO",
			"DZ",
			"EC",
			"EE",
			"EG",
			"ES",
			"FI",
			"FR",
			"GB",
			"GR",
			"GT",
			"HK",
			"HN",
			"HU",
			"ID",
			"IE",
			"IL",
			"IN",
			"IS",
			"IT",
			"JO",
			"JP",
			"KW",
			"LB",
			"LI",
			"LT",
			"LU",
			"LV",
			"MA",
			"MC",
			"MT",
			"MX",
			"MY",
			"NI",
			"NL",
			"NO",
			"NZ",
			"OM",
			"PA",
			"PE",
			"PH",
			"PL",
			"PS",
			"PT",
			"PY",
			"QA",
			"RO",
			"SA",
			"SE",
			"SG",
			"SK",
			"SV",
			"TH",
			"TN",
			"TR",
			"TW",
			"US",
			"UY",
			"VN",
			"ZA"
		],
		"disc_number": 1,
		"duration_ms": 197306,
		"explicit": True,
		"external_ids": { "isrc": "USUM71800760" },
		"external_urls": {
			"spotify": "https://open.spotify.com/track/72ic9IhRix05fIkRzGGMXD"
		},
		"href": "https://api.spotify.com/v1/tracks/72ic9IhRix05fIkRzGGMXD",
		"id": "72ic9IhRix05fIkRzGGMXD",
		"is_local": False,
		"name": "Boca Raton (with A$AP Ferg)",
		"popularity": 59,
		"preview_url": "https://p.scdn.co/mp3-preview/5a21464e50a3c957eb21905da76289542817c948?cid=28e288eb88f342c79ac8389d6ab32529",
		"track_number": 4,
		"type": "track",
		"uri": "spotify:track:72ic9IhRix05fIkRzGGMXD"
	},
	{
		"album": {
			"album_type": "ALBUM",
			"artists": [
				{
					"external_urls": {
						"spotify": "https://open.spotify.com/artist/2h93pZq0e7k5yf4dywlkpM"
					},
					"href": "https://api.spotify.com/v1/artists/2h93pZq0e7k5yf4dywlkpM",
					"id": "2h93pZq0e7k5yf4dywlkpM",
					"name": "Frank Ocean",
					"type": "artist",
					"uri": "spotify:artist:2h93pZq0e7k5yf4dywlkpM"
				}
			],
			"available_markets": [
				"AD",
				"AE",
				"AR",
				"AT",
				"AU",
				"BE",
				"BG",
				"BH",
				"BO",
				"BR",
				"CA",
				"CH",
				"CL",
				"CO",
				"CR",
				"CY",
				"CZ",
				"DE",
				"DK",
				"DO",
				"DZ",
				"EC",
				"EE",
				"EG",
				"ES",
				"FI",
				"FR",
				"GB",
				"GR",
				"GT",
				"HK",
				"HN",
				"HU",
				"ID",
				"IE",
				"IL",
				"IN",
				"IS",
				"IT",
				"JO",
				"JP",
				"KW",
				"LB",
				"LI",
				"LT",
				"LU",
				"LV",
				"MA",
				"MC",
				"MT",
				"MX",
				"MY",
				"NI",
				"NL",
				"NO",
				"NZ",
				"OM",
				"PA",
				"PE",
				"PH",
				"PL",
				"PS",
				"PT",
				"PY",
				"QA",
				"RO",
				"SA",
				"SE",
				"SG",
				"SK",
				"SV",
				"TH",
				"TN",
				"TR",
				"TW",
				"US",
				"UY",
				"VN",
				"ZA"
			],
			"external_urls": {
				"spotify": "https://open.spotify.com/album/3mH6qwIy9crq0I9YQbOuDf"
			},
			"href": "https://api.spotify.com/v1/albums/3mH6qwIy9crq0I9YQbOuDf",
			"id": "3mH6qwIy9crq0I9YQbOuDf",
			"images": [
				{
					"height": 640,
					"url": "https://i.scdn.co/image/ab67616d0000b273c5649add07ed3720be9d5526",
					"width": 640
				},
				{
					"height": 300,
					"url": "https://i.scdn.co/image/ab67616d00001e02c5649add07ed3720be9d5526",
					"width": 300
				},
				{
					"height": 64,
					"url": "https://i.scdn.co/image/ab67616d00004851c5649add07ed3720be9d5526",
					"width": 64
				}
			],
			"name": "Blonde",
			"release_date": "2016-08-20",
			"release_date_precision": "day",
			"total_tracks": 17,
			"type": "album",
			"uri": "spotify:album:3mH6qwIy9crq0I9YQbOuDf"
		},
		"artists": [
			{
				"external_urls": {
					"spotify": "https://open.spotify.com/artist/2h93pZq0e7k5yf4dywlkpM"
				},
				"href": "https://api.spotify.com/v1/artists/2h93pZq0e7k5yf4dywlkpM",
				"id": "2h93pZq0e7k5yf4dywlkpM",
				"name": "Frank Ocean",
				"type": "artist",
				"uri": "spotify:artist:2h93pZq0e7k5yf4dywlkpM"
			}
		],
		"available_markets": [
			"AD",
			"AE",
			"AR",
			"AT",
			"AU",
			"BE",
			"BG",
			"BH",
			"BO",
			"BR",
			"CA",
			"CH",
			"CL",
			"CO",
			"CR",
			"CY",
			"CZ",
			"DE",
			"DK",
			"DO",
			"DZ",
			"EC",
			"EE",
			"EG",
			"ES",
			"FI",
			"FR",
			"GB",
			"GR",
			"GT",
			"HK",
			"HN",
			"HU",
			"ID",
			"IE",
			"IL",
			"IN",
			"IS",
			"IT",
			"JO",
			"JP",
			"KW",
			"LB",
			"LI",
			"LT",
			"LU",
			"LV",
			"MA",
			"MC",
			"MT",
			"MX",
			"MY",
			"NI",
			"NL",
			"NO",
			"NZ",
			"OM",
			"PA",
			"PE",
			"PH",
			"PL",
			"PS",
			"PT",
			"PY",
			"QA",
			"RO",
			"SA",
			"SE",
			"SG",
			"SK",
			"SV",
			"TH",
			"TN",
			"TR",
			"TW",
			"US",
			"UY",
			"VN",
			"ZA"
		],
		"disc_number": 1,
		"duration_ms": 66786,
		"explicit": False,
		"external_ids": { "isrc": "QZ5C81600008" },
		"external_urls": {
			"spotify": "https://open.spotify.com/track/2JUqYobT8NvARdPmc4ES2x"
		},
		"href": "https://api.spotify.com/v1/tracks/2JUqYobT8NvARdPmc4ES2x",
		"id": "2JUqYobT8NvARdPmc4ES2x",
		"is_local": False,
		"name": "Good Guy",
		"popularity": 63,
		"preview_url": "https://p.scdn.co/mp3-preview/79e1c1edcb194182384ac4503c813a6f3c82f2c7?cid=28e288eb88f342c79ac8389d6ab32529",
		"track_number": 8,
		"type": "track",
		"uri": "spotify:track:2JUqYobT8NvARdPmc4ES2x"
	},
	{
		"album": {
			"album_type": "ALBUM",
			"artists": [
				{
					"external_urls": {
						"spotify": "https://open.spotify.com/artist/2h93pZq0e7k5yf4dywlkpM"
					},
					"href": "https://api.spotify.com/v1/artists/2h93pZq0e7k5yf4dywlkpM",
					"id": "2h93pZq0e7k5yf4dywlkpM",
					"name": "Frank Ocean",
					"type": "artist",
					"uri": "spotify:artist:2h93pZq0e7k5yf4dywlkpM"
				}
			],
			"available_markets": [
				"AD",
				"AE",
				"AR",
				"AT",
				"AU",
				"BE",
				"BG",
				"BH",
				"BO",
				"BR",
				"CA",
				"CH",
				"CL",
				"CO",
				"CR",
				"CY",
				"CZ",
				"DE",
				"DK",
				"DO",
				"DZ",
				"EC",
				"EE",
				"EG",
				"ES",
				"FI",
				"FR",
				"GB",
				"GR",
				"GT",
				"HK",
				"HN",
				"HU",
				"ID",
				"IE",
				"IL",
				"IN",
				"IS",
				"IT",
				"JO",
				"JP",
				"KW",
				"LB",
				"LI",
				"LT",
				"LU",
				"LV",
				"MA",
				"MC",
				"MT",
				"MX",
				"MY",
				"NI",
				"NL",
				"NO",
				"NZ",
				"OM",
				"PA",
				"PE",
				"PH",
				"PL",
				"PS",
				"PT",
				"PY",
				"QA",
				"RO",
				"SA",
				"SE",
				"SG",
				"SK",
				"SV",
				"TH",
				"TN",
				"TR",
				"TW",
				"US",
				"UY",
				"VN",
				"ZA"
			],
			"external_urls": {
				"spotify": "https://open.spotify.com/album/3mH6qwIy9crq0I9YQbOuDf"
			},
			"href": "https://api.spotify.com/v1/albums/3mH6qwIy9crq0I9YQbOuDf",
			"id": "3mH6qwIy9crq0I9YQbOuDf",
			"images": [
				{
					"height": 640,
					"url": "https://i.scdn.co/image/ab67616d0000b273c5649add07ed3720be9d5526",
					"width": 640
				},
				{
					"height": 300,
					"url": "https://i.scdn.co/image/ab67616d00001e02c5649add07ed3720be9d5526",
					"width": 300
				},
				{
					"height": 64,
					"url": "https://i.scdn.co/image/ab67616d00004851c5649add07ed3720be9d5526",
					"width": 64
				}
			],
			"name": "Blonde",
			"release_date": "2016-08-20",
			"release_date_precision": "day",
			"total_tracks": 17,
			"type": "album",
			"uri": "spotify:album:3mH6qwIy9crq0I9YQbOuDf"
		},
		"artists": [
			{
				"external_urls": {
					"spotify": "https://open.spotify.com/artist/2h93pZq0e7k5yf4dywlkpM"
				},
				"href": "https://api.spotify.com/v1/artists/2h93pZq0e7k5yf4dywlkpM",
				"id": "2h93pZq0e7k5yf4dywlkpM",
				"name": "Frank Ocean",
				"type": "artist",
				"uri": "spotify:artist:2h93pZq0e7k5yf4dywlkpM"
			}
		],
		"available_markets": [
			"AD",
			"AE",
			"AR",
			"AT",
			"AU",
			"BE",
			"BG",
			"BH",
			"BO",
			"BR",
			"CA",
			"CH",
			"CL",
			"CO",
			"CR",
			"CY",
			"CZ",
			"DE",
			"DK",
			"DO",
			"DZ",
			"EC",
			"EE",
			"EG",
			"ES",
			"FI",
			"FR",
			"GB",
			"GR",
			"GT",
			"HK",
			"HN",
			"HU",
			"ID",
			"IE",
			"IL",
			"IN",
			"IS",
			"IT",
			"JO",
			"JP",
			"KW",
			"LB",
			"LI",
			"LT",
			"LU",
			"LV",
			"MA",
			"MC",
			"MT",
			"MX",
			"MY",
			"NI",
			"NL",
			"NO",
			"NZ",
			"OM",
			"PA",
			"PE",
			"PH",
			"PL",
			"PS",
			"PT",
			"PY",
			"QA",
			"RO",
			"SA",
			"SE",
			"SG",
			"SK",
			"SV",
			"TH",
			"TN",
			"TR",
			"TW",
			"US",
			"UY",
			"VN",
			"ZA"
		],
		"disc_number": 1,
		"duration_ms": 249191,
		"explicit": True,
		"external_ids": { "isrc": "QZ5C81600002" },
		"external_urls": {
			"spotify": "https://open.spotify.com/track/2ZWlPOoWh0626oTaHrnl2a"
		},
		"href": "https://api.spotify.com/v1/tracks/2ZWlPOoWh0626oTaHrnl2a",
		"id": "2ZWlPOoWh0626oTaHrnl2a",
		"is_local": False,
		"name": "Ivy",
		"popularity": 77,
		"preview_url": "https://p.scdn.co/mp3-preview/1faa6f5d71e4993a75450736b2b023ef5888f42f?cid=28e288eb88f342c79ac8389d6ab32529",
		"track_number": 2,
		"type": "track",
		"uri": "spotify:track:2ZWlPOoWh0626oTaHrnl2a"
	}
]
